EasyLog USB,Time,CO(ppm),Serial Number,Sensor Life Expiry,Overrange Exposure
1,2018-11-18 11:22:52,0.0,000026595,24/5/2022,No
2,2018-11-18 11:23:52,1.5
3,2018-11-18 11:24:52,0.5
4,2018-11-18 11:25:52,0.0
5,2018-11-18 11:26:52,0.0
6,2018-11-18 11:27:52,0.0
7,2018-11-18 11:28:52,0.0
8,2018-11-18 11:29:52,0.0
9,2018-11-18 11:30:52,0.0
10,2018-11-18 11:31:52,0.0
11,2018-11-18 11:32:52,0.0
12,2018-11-18 11:33:52,0.0
13,2018-11-18 11:34:52,0.0
14,2018-11-18 11:35:52,0.0
15,2018-11-18 11:36:52,0.0
16,2018-11-18 11:37:52,0.0
17,2018-11-18 11:38:52,0.0
18,2018-11-18 11:39:52,0.0
19,2018-11-18 11:40:52,0.5
20,2018-11-18 11:41:52,0.5
21,2018-11-18 11:42:52,0.5
22,2018-11-18 11:43:52,0.5
23,2018-11-18 11:44:52,0.0
24,2018-11-18 11:45:52,0.5
25,2018-11-18 11:46:52,0.0
26,2018-11-18 11:47:52,0.0
27,2018-11-18 11:48:52,0.0
28,2018-11-18 11:49:52,0.0
29,2018-11-18 11:50:52,0.0
30,2018-11-18 11:51:52,0.0
31,2018-11-18 11:52:52,0.0
32,2018-11-18 11:53:52,0.0
33,2018-11-18 11:54:52,0.0
34,2018-11-18 11:55:52,0.0
35,2018-11-18 11:56:52,0.0
36,2018-11-18 11:57:52,0.0
37,2018-11-18 11:58:52,0.0
38,2018-11-18 11:59:52,0.0
39,2018-11-18 12:00:52,0.0
40,2018-11-18 12:01:52,0.0
41,2018-11-18 12:02:52,0.0
42,2018-11-18 12:03:52,0.0
43,2018-11-18 12:04:52,0.0
44,2018-11-18 12:05:52,0.0
45,2018-11-18 12:06:52,0.0
46,2018-11-18 12:07:52,0.0
47,2018-11-18 12:08:52,0.0
48,2018-11-18 12:09:52,0.0
49,2018-11-18 12:10:52,0.0
50,2018-11-18 12:11:52,0.0
51,2018-11-18 12:12:52,0.0
52,2018-11-18 12:13:52,0.0
53,2018-11-18 12:14:52,0.0
54,2018-11-18 12:15:52,0.0
55,2018-11-18 12:16:52,0.0
56,2018-11-18 12:17:52,0.0
57,2018-11-18 12:18:52,0.0
58,2018-11-18 12:19:52,0.0
59,2018-11-18 12:20:52,0.0
60,2018-11-18 12:21:52,0.0
61,2018-11-18 12:22:52,0.0
62,2018-11-18 12:23:52,0.0
63,2018-11-18 12:24:52,0.0
64,2018-11-18 12:25:52,0.0
65,2018-11-18 12:26:52,0.0
66,2018-11-18 12:27:52,0.0
67,2018-11-18 12:28:52,0.0
68,2018-11-18 12:29:52,0.0
69,2018-11-18 12:30:52,0.0
70,2018-11-18 12:31:52,0.0
71,2018-11-18 12:32:52,0.0
72,2018-11-18 12:33:52,0.0
73,2018-11-18 12:34:52,0.0
74,2018-11-18 12:35:52,0.0
75,2018-11-18 12:36:52,0.0
76,2018-11-18 12:37:52,0.0
77,2018-11-18 12:38:52,0.0
78,2018-11-18 12:39:52,0.0
79,2018-11-18 12:40:52,0.0
80,2018-11-18 12:41:52,0.0
81,2018-11-18 12:42:52,0.0
82,2018-11-18 12:43:52,0.0
83,2018-11-18 12:44:52,0.0
84,2018-11-18 12:45:52,0.0
85,2018-11-18 12:46:52,0.0
86,2018-11-18 12:47:52,0.0
87,2018-11-18 12:48:52,0.0
88,2018-11-18 12:49:52,0.0
89,2018-11-18 12:50:52,0.0
90,2018-11-18 12:51:52,0.0
91,2018-11-18 12:52:52,0.0
92,2018-11-18 12:53:52,0.0
93,2018-11-18 12:54:52,0.0
94,2018-11-18 12:55:52,0.5
95,2018-11-18 12:56:52,0.5
96,2018-11-18 12:57:52,0.0
97,2018-11-18 12:58:52,0.0
98,2018-11-18 12:59:52,0.0
99,2018-11-18 13:00:52,0.0
100,2018-11-18 13:01:52,0.0
101,2018-11-18 13:02:52,0.0
102,2018-11-18 13:03:52,0.0
103,2018-11-18 13:04:52,0.0
104,2018-11-18 13:05:52,0.0
105,2018-11-18 13:06:52,0.0
106,2018-11-18 13:07:52,0.0
107,2018-11-18 13:08:52,0.0
108,2018-11-18 13:09:52,0.0
109,2018-11-18 13:10:52,0.0
110,2018-11-18 13:11:52,0.0
111,2018-11-18 13:12:52,0.0
112,2018-11-18 13:13:52,0.0
113,2018-11-18 13:14:52,0.0
114,2018-11-18 13:15:52,0.0
115,2018-11-18 13:16:52,0.0
116,2018-11-18 13:17:52,0.0
117,2018-11-18 13:18:52,0.0
118,2018-11-18 13:19:52,0.0
119,2018-11-18 13:20:52,0.0
120,2018-11-18 13:21:52,0.0
121,2018-11-18 13:22:52,0.0
122,2018-11-18 13:23:52,0.5
123,2018-11-18 13:24:52,0.0
124,2018-11-18 13:25:52,0.5
125,2018-11-18 13:26:52,0.0
126,2018-11-18 13:27:52,0.0
127,2018-11-18 13:28:52,0.5
128,2018-11-18 13:29:52,0.0
129,2018-11-18 13:30:52,0.0
130,2018-11-18 13:31:52,0.0
131,2018-11-18 13:32:52,0.0
132,2018-11-18 13:33:52,0.0
133,2018-11-18 13:34:52,0.0
134,2018-11-18 13:35:52,0.0
135,2018-11-18 13:36:52,0.0
136,2018-11-18 13:37:52,0.0
137,2018-11-18 13:38:52,0.0
138,2018-11-18 13:39:52,0.0
139,2018-11-18 13:40:52,0.0
140,2018-11-18 13:41:52,0.0
141,2018-11-18 13:42:52,0.0
142,2018-11-18 13:43:52,0.0
143,2018-11-18 13:44:52,0.0
144,2018-11-18 13:45:52,0.0
145,2018-11-18 13:46:52,0.0
146,2018-11-18 13:47:52,0.0
147,2018-11-18 13:48:52,0.0
148,2018-11-18 13:49:52,0.0
149,2018-11-18 13:50:52,0.0
150,2018-11-18 13:51:52,0.0
151,2018-11-18 13:52:52,0.0
152,2018-11-18 13:53:52,0.0
153,2018-11-18 13:54:52,0.0
154,2018-11-18 13:55:52,0.0
155,2018-11-18 13:56:52,0.0
156,2018-11-18 13:57:52,0.0
157,2018-11-18 13:58:52,0.0
158,2018-11-18 13:59:52,0.0
159,2018-11-18 14:00:52,0.0
160,2018-11-18 14:01:52,0.0
161,2018-11-18 14:02:52,0.0
162,2018-11-18 14:03:52,0.0
163,2018-11-18 14:04:52,0.0
164,2018-11-18 14:05:52,0.0
165,2018-11-18 14:06:52,0.0
166,2018-11-18 14:07:52,0.0
167,2018-11-18 14:08:52,0.0
168,2018-11-18 14:09:52,0.0
169,2018-11-18 14:10:52,0.0
170,2018-11-18 14:11:52,0.0
171,2018-11-18 14:12:52,0.0
172,2018-11-18 14:13:52,0.0
173,2018-11-18 14:14:52,0.0
174,2018-11-18 14:15:52,0.0
175,2018-11-18 14:16:52,0.0
176,2018-11-18 14:17:52,0.0
177,2018-11-18 14:18:52,0.0
178,2018-11-18 14:19:52,0.0
179,2018-11-18 14:20:52,0.0
180,2018-11-18 14:21:52,0.0
181,2018-11-18 14:22:52,0.0
182,2018-11-18 14:23:52,0.0
183,2018-11-18 14:24:52,0.0
184,2018-11-18 14:25:52,0.0
185,2018-11-18 14:26:52,0.0
186,2018-11-18 14:27:52,0.0
187,2018-11-18 14:28:52,0.0
188,2018-11-18 14:29:52,0.0
189,2018-11-18 14:30:52,0.0
190,2018-11-18 14:31:52,0.0
191,2018-11-18 14:32:52,0.0
192,2018-11-18 14:33:52,0.0
193,2018-11-18 14:34:52,0.0
194,2018-11-18 14:35:52,0.0
195,2018-11-18 14:36:52,0.0
196,2018-11-18 14:37:52,0.0
197,2018-11-18 14:38:52,0.0
198,2018-11-18 14:39:52,0.0
199,2018-11-18 14:40:52,0.0
200,2018-11-18 14:41:52,0.0
201,2018-11-18 14:42:52,0.0
202,2018-11-18 14:43:52,0.0
203,2018-11-18 14:44:52,0.0
204,2018-11-18 14:45:52,0.0
205,2018-11-18 14:46:52,0.0
206,2018-11-18 14:47:52,0.0
207,2018-11-18 14:48:52,0.0
208,2018-11-18 14:49:52,0.0
209,2018-11-18 14:50:52,0.0
210,2018-11-18 14:51:52,0.0
211,2018-11-18 14:52:52,0.0
212,2018-11-18 14:53:52,0.0
213,2018-11-18 14:54:52,0.0
214,2018-11-18 14:55:52,0.0
215,2018-11-18 14:56:52,0.0
216,2018-11-18 14:57:52,0.0
217,2018-11-18 14:58:52,0.0
218,2018-11-18 14:59:52,0.0
219,2018-11-18 15:00:52,0.0
220,2018-11-18 15:01:52,0.0
221,2018-11-18 15:02:52,0.0
222,2018-11-18 15:03:52,0.0
223,2018-11-18 15:04:52,0.0
224,2018-11-18 15:05:52,0.0
225,2018-11-18 15:06:52,0.0
226,2018-11-18 15:07:52,0.0
227,2018-11-18 15:08:52,0.0
228,2018-11-18 15:09:52,0.0
229,2018-11-18 15:10:52,0.0
230,2018-11-18 15:11:52,0.0
231,2018-11-18 15:12:52,0.0
232,2018-11-18 15:13:52,0.0
233,2018-11-18 15:14:52,0.0
234,2018-11-18 15:15:52,0.0
235,2018-11-18 15:16:52,0.0
236,2018-11-18 15:17:52,0.0
237,2018-11-18 15:18:52,0.0
238,2018-11-18 15:19:52,0.0
239,2018-11-18 15:20:52,0.0
240,2018-11-18 15:21:52,0.0
241,2018-11-18 15:22:52,0.0
242,2018-11-18 15:23:52,0.0
243,2018-11-18 15:24:52,0.0
244,2018-11-18 15:25:52,0.0
245,2018-11-18 15:26:52,0.0
246,2018-11-18 15:27:52,0.0
247,2018-11-18 15:28:52,0.0
248,2018-11-18 15:29:52,0.0
249,2018-11-18 15:30:52,0.0
250,2018-11-18 15:31:52,0.0
251,2018-11-18 15:32:52,0.0
252,2018-11-18 15:33:52,0.0
253,2018-11-18 15:34:52,0.0
254,2018-11-18 15:35:52,0.0
255,2018-11-18 15:36:52,0.0
256,2018-11-18 15:37:52,0.0
257,2018-11-18 15:38:52,0.0
258,2018-11-18 15:39:52,0.0
259,2018-11-18 15:40:52,0.0
260,2018-11-18 15:41:52,0.0
261,2018-11-18 15:42:52,0.0
262,2018-11-18 15:43:52,0.0
263,2018-11-18 15:44:52,0.0
264,2018-11-18 15:45:52,0.0
265,2018-11-18 15:46:52,0.0
266,2018-11-18 15:47:52,0.0
267,2018-11-18 15:48:52,0.0
268,2018-11-18 15:49:52,0.0
269,2018-11-18 15:50:52,0.0
270,2018-11-18 15:51:52,0.0
271,2018-11-18 15:52:52,0.0
272,2018-11-18 15:53:52,0.0
273,2018-11-18 15:54:52,0.0
274,2018-11-18 15:55:52,0.0
275,2018-11-18 15:56:52,0.0
276,2018-11-18 15:57:52,0.0
277,2018-11-18 15:58:52,0.0
278,2018-11-18 15:59:52,0.0
279,2018-11-18 16:00:52,0.0
280,2018-11-18 16:01:52,0.0
281,2018-11-18 16:02:52,0.0
282,2018-11-18 16:03:52,0.0
283,2018-11-18 16:04:52,0.0
284,2018-11-18 16:05:52,0.0
285,2018-11-18 16:06:52,0.0
286,2018-11-18 16:07:52,0.0
287,2018-11-18 16:08:52,0.0
288,2018-11-18 16:09:52,0.0
289,2018-11-18 16:10:52,0.0
290,2018-11-18 16:11:52,0.0
291,2018-11-18 16:12:52,0.0
292,2018-11-18 16:13:52,0.0
293,2018-11-18 16:14:52,0.0
294,2018-11-18 16:15:52,0.0
295,2018-11-18 16:16:52,0.0
296,2018-11-18 16:17:52,0.0
297,2018-11-18 16:18:52,0.0
298,2018-11-18 16:19:52,0.0
299,2018-11-18 16:20:52,0.0
300,2018-11-18 16:21:52,0.0
301,2018-11-18 16:22:52,0.0
302,2018-11-18 16:23:52,0.0
303,2018-11-18 16:24:52,0.0
304,2018-11-18 16:25:52,0.0
305,2018-11-18 16:26:52,0.0
306,2018-11-18 16:27:52,0.0
307,2018-11-18 16:28:52,0.0
308,2018-11-18 16:29:52,0.0
309,2018-11-18 16:30:52,0.0
310,2018-11-18 16:31:52,0.0
311,2018-11-18 16:32:52,0.0
312,2018-11-18 16:33:52,0.0
313,2018-11-18 16:34:52,0.0
314,2018-11-18 16:35:52,0.0
315,2018-11-18 16:36:52,0.0
316,2018-11-18 16:37:52,0.0
317,2018-11-18 16:38:52,0.0
318,2018-11-18 16:39:52,0.0
319,2018-11-18 16:40:52,0.0
320,2018-11-18 16:41:52,0.0
321,2018-11-18 16:42:52,0.0
322,2018-11-18 16:43:52,0.0
323,2018-11-18 16:44:52,0.0
324,2018-11-18 16:45:52,0.0
325,2018-11-18 16:46:52,0.0
326,2018-11-18 16:47:52,0.0
327,2018-11-18 16:48:52,0.0
328,2018-11-18 16:49:52,0.0
329,2018-11-18 16:50:52,0.0
330,2018-11-18 16:51:52,0.0
331,2018-11-18 16:52:52,0.0
332,2018-11-18 16:53:52,0.0
333,2018-11-18 16:54:52,0.0
334,2018-11-18 16:55:52,0.0
335,2018-11-18 16:56:52,0.0
336,2018-11-18 16:57:52,0.0
337,2018-11-18 16:58:52,0.0
338,2018-11-18 16:59:52,0.0
339,2018-11-18 17:00:52,0.0
340,2018-11-18 17:01:52,0.0
341,2018-11-18 17:02:52,0.0
342,2018-11-18 17:03:52,0.0
343,2018-11-18 17:04:52,0.0
344,2018-11-18 17:05:52,0.0
345,2018-11-18 17:06:52,0.0
346,2018-11-18 17:07:52,0.0
347,2018-11-18 17:08:52,0.0
348,2018-11-18 17:09:52,0.0
349,2018-11-18 17:10:52,0.0
350,2018-11-18 17:11:52,0.0
351,2018-11-18 17:12:52,0.0
352,2018-11-18 17:13:52,0.0
353,2018-11-18 17:14:52,0.0
354,2018-11-18 17:15:52,0.0
355,2018-11-18 17:16:52,0.0
356,2018-11-18 17:17:52,0.0
357,2018-11-18 17:18:52,0.0
358,2018-11-18 17:19:52,0.0
359,2018-11-18 17:20:52,0.0
360,2018-11-18 17:21:52,0.0
361,2018-11-18 17:22:52,0.0
362,2018-11-18 17:23:52,0.0
363,2018-11-18 17:24:52,0.0
364,2018-11-18 17:25:52,0.0
365,2018-11-18 17:26:52,0.0
366,2018-11-18 17:27:52,0.0
367,2018-11-18 17:28:52,0.0
368,2018-11-18 17:29:52,0.0
369,2018-11-18 17:30:52,0.0
370,2018-11-18 17:31:52,0.0
371,2018-11-18 17:32:52,0.0
372,2018-11-18 17:33:52,0.0
373,2018-11-18 17:34:52,0.0
374,2018-11-18 17:35:52,0.0
375,2018-11-18 17:36:52,0.0
376,2018-11-18 17:37:52,0.0
377,2018-11-18 17:38:52,0.0
378,2018-11-18 17:39:52,0.0
379,2018-11-18 17:40:52,0.0
380,2018-11-18 17:41:52,0.0
381,2018-11-18 17:42:52,0.0
382,2018-11-18 17:43:52,0.0
383,2018-11-18 17:44:52,0.0
384,2018-11-18 17:45:52,0.0
385,2018-11-18 17:46:52,0.0
386,2018-11-18 17:47:52,0.0
387,2018-11-18 17:48:52,0.0
388,2018-11-18 17:49:52,0.0
389,2018-11-18 17:50:52,0.0
390,2018-11-18 17:51:52,0.0
391,2018-11-18 17:52:52,0.0
392,2018-11-18 17:53:52,0.0
393,2018-11-18 17:54:52,0.0
394,2018-11-18 17:55:52,0.0
395,2018-11-18 17:56:52,0.0
396,2018-11-18 17:57:52,0.0
397,2018-11-18 17:58:52,0.0
398,2018-11-18 17:59:52,0.0
399,2018-11-18 18:00:52,0.0
400,2018-11-18 18:01:52,0.0
401,2018-11-18 18:02:52,0.0
402,2018-11-18 18:03:52,0.0
403,2018-11-18 18:04:52,0.0
404,2018-11-18 18:05:52,0.0
405,2018-11-18 18:06:52,0.0
406,2018-11-18 18:07:52,0.0
407,2018-11-18 18:08:52,0.0
408,2018-11-18 18:09:52,0.0
409,2018-11-18 18:10:52,0.0
410,2018-11-18 18:11:52,0.0
411,2018-11-18 18:12:52,0.0
412,2018-11-18 18:13:52,0.0
413,2018-11-18 18:14:52,0.0
414,2018-11-18 18:15:52,0.0
415,2018-11-18 18:16:52,0.0
416,2018-11-18 18:17:52,0.0
417,2018-11-18 18:18:52,0.0
418,2018-11-18 18:19:52,0.0
419,2018-11-18 18:20:52,0.0
420,2018-11-18 18:21:52,0.0
421,2018-11-18 18:22:52,0.0
422,2018-11-18 18:23:52,0.0
423,2018-11-18 18:24:52,0.0
424,2018-11-18 18:25:52,0.0
425,2018-11-18 18:26:52,0.0
426,2018-11-18 18:27:52,0.0
427,2018-11-18 18:28:52,0.0
428,2018-11-18 18:29:52,0.0
429,2018-11-18 18:30:52,0.0
430,2018-11-18 18:31:52,0.0
431,2018-11-18 18:32:52,0.0
432,2018-11-18 18:33:52,0.0
433,2018-11-18 18:34:52,0.0
434,2018-11-18 18:35:52,0.0
435,2018-11-18 18:36:52,0.0
436,2018-11-18 18:37:52,0.0
437,2018-11-18 18:38:52,0.0
438,2018-11-18 18:39:52,0.0
439,2018-11-18 18:40:52,0.0
440,2018-11-18 18:41:52,0.0
441,2018-11-18 18:42:52,0.0
442,2018-11-18 18:43:52,0.0
443,2018-11-18 18:44:52,0.0
444,2018-11-18 18:45:52,0.0
445,2018-11-18 18:46:52,0.0
446,2018-11-18 18:47:52,0.0
447,2018-11-18 18:48:52,0.0
448,2018-11-18 18:49:52,0.0
449,2018-11-18 18:50:52,0.0
450,2018-11-18 18:51:52,0.0
451,2018-11-18 18:52:52,0.0
452,2018-11-18 18:53:52,0.0
453,2018-11-18 18:54:52,0.0
454,2018-11-18 18:55:52,0.0
455,2018-11-18 18:56:52,0.0
456,2018-11-18 18:57:52,0.0
457,2018-11-18 18:58:52,0.0
458,2018-11-18 18:59:52,0.0
459,2018-11-18 19:00:52,0.0
460,2018-11-18 19:01:52,0.0
461,2018-11-18 19:02:52,0.0
462,2018-11-18 19:03:52,0.0
463,2018-11-18 19:04:52,0.0
464,2018-11-18 19:05:52,0.0
465,2018-11-18 19:06:52,0.0
466,2018-11-18 19:07:52,0.0
467,2018-11-18 19:08:52,0.0
468,2018-11-18 19:09:52,0.0
469,2018-11-18 19:10:52,0.0
470,2018-11-18 19:11:52,0.0
471,2018-11-18 19:12:52,0.0
472,2018-11-18 19:13:52,0.0
473,2018-11-18 19:14:52,0.0
474,2018-11-18 19:15:52,0.0
475,2018-11-18 19:16:52,0.0
476,2018-11-18 19:17:52,0.0
477,2018-11-18 19:18:52,0.0
478,2018-11-18 19:19:52,0.0
479,2018-11-18 19:20:52,0.0
480,2018-11-18 19:21:52,0.0
481,2018-11-18 19:22:52,0.0
482,2018-11-18 19:23:52,0.0
483,2018-11-18 19:24:52,0.0
484,2018-11-18 19:25:52,0.0
485,2018-11-18 19:26:52,0.0
486,2018-11-18 19:27:52,0.0
487,2018-11-18 19:28:52,0.0
488,2018-11-18 19:29:52,0.0
489,2018-11-18 19:30:52,0.0
490,2018-11-18 19:31:52,0.0
491,2018-11-18 19:32:52,0.0
492,2018-11-18 19:33:52,0.0
493,2018-11-18 19:34:52,0.0
494,2018-11-18 19:35:52,0.0
495,2018-11-18 19:36:52,0.0
496,2018-11-18 19:37:52,0.0
497,2018-11-18 19:38:52,0.0
498,2018-11-18 19:39:52,0.0
499,2018-11-18 19:40:52,0.0
500,2018-11-18 19:41:52,0.0
501,2018-11-18 19:42:52,0.0
502,2018-11-18 19:43:52,0.0
503,2018-11-18 19:44:52,0.0
504,2018-11-18 19:45:52,0.0
505,2018-11-18 19:46:52,0.0
506,2018-11-18 19:47:52,0.0
507,2018-11-18 19:48:52,0.0
508,2018-11-18 19:49:52,0.0
509,2018-11-18 19:50:52,0.0
510,2018-11-18 19:51:52,0.0
511,2018-11-18 19:52:52,0.0
512,2018-11-18 19:53:52,0.0
513,2018-11-18 19:54:52,0.0
514,2018-11-18 19:55:52,0.0
515,2018-11-18 19:56:52,0.0
516,2018-11-18 19:57:52,0.0
517,2018-11-18 19:58:52,0.0
518,2018-11-18 19:59:52,0.0
519,2018-11-18 20:00:52,0.0
520,2018-11-18 20:01:52,0.0
521,2018-11-18 20:02:52,0.0
522,2018-11-18 20:03:52,0.0
523,2018-11-18 20:04:52,0.0
524,2018-11-18 20:05:52,0.0
525,2018-11-18 20:06:52,0.0
526,2018-11-18 20:07:52,0.0
527,2018-11-18 20:08:52,0.0
528,2018-11-18 20:09:52,0.0
529,2018-11-18 20:10:52,0.0
530,2018-11-18 20:11:52,0.0
531,2018-11-18 20:12:52,0.0
532,2018-11-18 20:13:52,0.0
533,2018-11-18 20:14:52,0.0
534,2018-11-18 20:15:52,0.0
535,2018-11-18 20:16:52,0.0
536,2018-11-18 20:17:52,0.0
537,2018-11-18 20:18:52,0.0
538,2018-11-18 20:19:52,0.0
539,2018-11-18 20:20:52,0.0
540,2018-11-18 20:21:52,0.0
541,2018-11-18 20:22:52,0.0
542,2018-11-18 20:23:52,0.0
543,2018-11-18 20:24:52,0.0
544,2018-11-18 20:25:52,0.0
545,2018-11-18 20:26:52,0.0
546,2018-11-18 20:27:52,0.0
547,2018-11-18 20:28:52,0.0
548,2018-11-18 20:29:52,0.0
549,2018-11-18 20:30:52,0.0
550,2018-11-18 20:31:52,0.0
551,2018-11-18 20:32:52,0.0
552,2018-11-18 20:33:52,0.0
553,2018-11-18 20:34:52,0.0
554,2018-11-18 20:35:52,0.0
555,2018-11-18 20:36:52,0.0
556,2018-11-18 20:37:52,0.0
557,2018-11-18 20:38:52,0.0
558,2018-11-18 20:39:52,0.0
559,2018-11-18 20:40:52,0.0
560,2018-11-18 20:41:52,0.0
561,2018-11-18 20:42:52,0.0
562,2018-11-18 20:43:52,0.0
563,2018-11-18 20:44:52,0.0
564,2018-11-18 20:45:52,0.0
565,2018-11-18 20:46:52,0.0
566,2018-11-18 20:47:52,0.0
567,2018-11-18 20:48:52,0.0
568,2018-11-18 20:49:52,0.0
569,2018-11-18 20:50:52,0.0
570,2018-11-18 20:51:52,0.0
571,2018-11-18 20:52:52,0.0
572,2018-11-18 20:53:52,0.0
573,2018-11-18 20:54:52,0.0
574,2018-11-18 20:55:52,0.0
575,2018-11-18 20:56:52,0.0
576,2018-11-18 20:57:52,0.0
577,2018-11-18 20:58:52,0.0
578,2018-11-18 20:59:52,0.0
579,2018-11-18 21:00:52,0.0
580,2018-11-18 21:01:52,0.0
581,2018-11-18 21:02:52,0.0
582,2018-11-18 21:03:52,0.0
583,2018-11-18 21:04:52,0.0
584,2018-11-18 21:05:52,0.0
585,2018-11-18 21:06:52,0.0
586,2018-11-18 21:07:52,0.0
587,2018-11-18 21:08:52,0.0
588,2018-11-18 21:09:52,0.0
589,2018-11-18 21:10:52,0.0
590,2018-11-18 21:11:52,0.0
591,2018-11-18 21:12:52,0.0
592,2018-11-18 21:13:52,0.0
593,2018-11-18 21:14:52,0.0
594,2018-11-18 21:15:52,0.0
595,2018-11-18 21:16:52,0.0
596,2018-11-18 21:17:52,0.0
597,2018-11-18 21:18:52,0.0
598,2018-11-18 21:19:52,0.0
599,2018-11-18 21:20:52,0.0
600,2018-11-18 21:21:52,0.0
601,2018-11-18 21:22:52,0.0
602,2018-11-18 21:23:52,0.0
603,2018-11-18 21:24:52,0.0
604,2018-11-18 21:25:52,0.0
605,2018-11-18 21:26:52,0.0
606,2018-11-18 21:27:52,0.0
607,2018-11-18 21:28:52,0.0
608,2018-11-18 21:29:52,0.0
609,2018-11-18 21:30:52,0.0
610,2018-11-18 21:31:52,0.0
611,2018-11-18 21:32:52,0.0
612,2018-11-18 21:33:52,0.0
613,2018-11-18 21:34:52,0.0
614,2018-11-18 21:35:52,0.0
615,2018-11-18 21:36:52,0.0
616,2018-11-18 21:37:52,0.0
617,2018-11-18 21:38:52,0.0
618,2018-11-18 21:39:52,0.0
619,2018-11-18 21:40:52,0.0
620,2018-11-18 21:41:52,0.0
621,2018-11-18 21:42:52,0.0
622,2018-11-18 21:43:52,0.0
623,2018-11-18 21:44:52,0.0
624,2018-11-18 21:45:52,0.0
625,2018-11-18 21:46:52,0.0
626,2018-11-18 21:47:52,0.0
627,2018-11-18 21:48:52,0.0
628,2018-11-18 21:49:52,0.0
629,2018-11-18 21:50:52,0.0
630,2018-11-18 21:51:52,0.0
631,2018-11-18 21:52:52,0.0
632,2018-11-18 21:53:52,0.0
633,2018-11-18 21:54:52,0.0
634,2018-11-18 21:55:52,0.0
635,2018-11-18 21:56:52,0.0
636,2018-11-18 21:57:52,0.0
637,2018-11-18 21:58:52,0.0
638,2018-11-18 21:59:52,0.0
639,2018-11-18 22:00:52,0.0
640,2018-11-18 22:01:52,0.0
641,2018-11-18 22:02:52,0.0
642,2018-11-18 22:03:52,0.0
643,2018-11-18 22:04:52,0.0
644,2018-11-18 22:05:52,0.0
645,2018-11-18 22:06:52,0.0
646,2018-11-18 22:07:52,0.0
647,2018-11-18 22:08:52,0.0
648,2018-11-18 22:09:52,0.0
649,2018-11-18 22:10:52,0.0
650,2018-11-18 22:11:52,0.0
651,2018-11-18 22:12:52,0.0
652,2018-11-18 22:13:52,0.0
653,2018-11-18 22:14:52,0.0
654,2018-11-18 22:15:52,0.0
655,2018-11-18 22:16:52,0.0
656,2018-11-18 22:17:52,0.0
657,2018-11-18 22:18:52,0.0
658,2018-11-18 22:19:52,0.0
659,2018-11-18 22:20:52,0.0
660,2018-11-18 22:21:52,0.0
661,2018-11-18 22:22:52,0.0
662,2018-11-18 22:23:52,0.0
663,2018-11-18 22:24:52,0.0
664,2018-11-18 22:25:52,0.0
665,2018-11-18 22:26:52,0.0
666,2018-11-18 22:27:52,0.0
667,2018-11-18 22:28:52,0.0
668,2018-11-18 22:29:52,0.0
669,2018-11-18 22:30:52,0.0
670,2018-11-18 22:31:52,0.0
671,2018-11-18 22:32:52,0.0
672,2018-11-18 22:33:52,0.0
673,2018-11-18 22:34:52,0.0
674,2018-11-18 22:35:52,0.0
675,2018-11-18 22:36:52,0.0
676,2018-11-18 22:37:52,0.0
677,2018-11-18 22:38:52,0.0
678,2018-11-18 22:39:52,0.0
679,2018-11-18 22:40:52,0.0
680,2018-11-18 22:41:52,0.0
681,2018-11-18 22:42:52,0.0
682,2018-11-18 22:43:52,0.0
683,2018-11-18 22:44:52,0.0
684,2018-11-18 22:45:52,0.0
685,2018-11-18 22:46:52,0.0
686,2018-11-18 22:47:52,0.0
687,2018-11-18 22:48:52,0.0
688,2018-11-18 22:49:52,0.0
689,2018-11-18 22:50:52,0.0
690,2018-11-18 22:51:52,0.0
691,2018-11-18 22:52:52,0.0
692,2018-11-18 22:53:52,0.0
693,2018-11-18 22:54:52,0.0
694,2018-11-18 22:55:52,0.0
695,2018-11-18 22:56:52,0.0
696,2018-11-18 22:57:52,0.0
697,2018-11-18 22:58:52,0.0
698,2018-11-18 22:59:52,0.0
699,2018-11-18 23:00:52,0.0
700,2018-11-18 23:01:52,0.0
701,2018-11-18 23:02:52,0.0
702,2018-11-18 23:03:52,0.0
703,2018-11-18 23:04:52,0.0
704,2018-11-18 23:05:52,0.0
705,2018-11-18 23:06:52,0.0
706,2018-11-18 23:07:52,0.0
707,2018-11-18 23:08:52,0.0
708,2018-11-18 23:09:52,0.0
709,2018-11-18 23:10:52,0.0
710,2018-11-18 23:11:52,0.0
711,2018-11-18 23:12:52,0.0
712,2018-11-18 23:13:52,0.0
713,2018-11-18 23:14:52,0.0
714,2018-11-18 23:15:52,0.0
715,2018-11-18 23:16:52,0.0
716,2018-11-18 23:17:52,0.0
717,2018-11-18 23:18:52,0.0
718,2018-11-18 23:19:52,0.0
719,2018-11-18 23:20:52,0.0
720,2018-11-18 23:21:52,0.0
721,2018-11-18 23:22:52,0.0
722,2018-11-18 23:23:52,0.0
723,2018-11-18 23:24:52,0.0
724,2018-11-18 23:25:52,0.0
725,2018-11-18 23:26:52,0.0
726,2018-11-18 23:27:52,0.0
727,2018-11-18 23:28:52,0.0
728,2018-11-18 23:29:52,0.0
729,2018-11-18 23:30:52,0.0
730,2018-11-18 23:31:52,0.0
731,2018-11-18 23:32:52,0.0
732,2018-11-18 23:33:52,0.0
733,2018-11-18 23:34:52,0.0
734,2018-11-18 23:35:52,0.0
735,2018-11-18 23:36:52,0.0
736,2018-11-18 23:37:52,0.0
737,2018-11-18 23:38:52,0.0
738,2018-11-18 23:39:52,0.0
739,2018-11-18 23:40:52,0.0
740,2018-11-18 23:41:52,0.0
741,2018-11-18 23:42:52,0.0
742,2018-11-18 23:43:52,0.0
743,2018-11-18 23:44:52,0.0
744,2018-11-18 23:45:52,0.0
745,2018-11-18 23:46:52,0.0
746,2018-11-18 23:47:52,0.0
747,2018-11-18 23:48:52,0.0
748,2018-11-18 23:49:52,0.0
749,2018-11-18 23:50:52,0.0
750,2018-11-18 23:51:52,0.0
751,2018-11-18 23:52:52,0.0
752,2018-11-18 23:53:52,0.0
753,2018-11-18 23:54:52,0.0
754,2018-11-18 23:55:52,0.0
755,2018-11-18 23:56:52,0.0
756,2018-11-18 23:57:52,0.0
757,2018-11-18 23:58:52,0.0
758,2018-11-18 23:59:52,0.0
759,2018-11-19 00:00:52,0.0
760,2018-11-19 00:01:52,0.0
761,2018-11-19 00:02:52,0.0
762,2018-11-19 00:03:52,0.0
763,2018-11-19 00:04:52,0.0
764,2018-11-19 00:05:52,0.0
765,2018-11-19 00:06:52,0.0
766,2018-11-19 00:07:52,0.0
767,2018-11-19 00:08:52,0.0
768,2018-11-19 00:09:52,0.0
769,2018-11-19 00:10:52,0.0
770,2018-11-19 00:11:52,0.0
771,2018-11-19 00:12:52,0.0
772,2018-11-19 00:13:52,0.0
773,2018-11-19 00:14:52,0.0
774,2018-11-19 00:15:52,0.0
775,2018-11-19 00:16:52,0.0
776,2018-11-19 00:17:52,0.0
777,2018-11-19 00:18:52,0.0
778,2018-11-19 00:19:52,0.0
779,2018-11-19 00:20:52,0.0
780,2018-11-19 00:21:52,0.0
781,2018-11-19 00:22:52,0.0
782,2018-11-19 00:23:52,0.0
783,2018-11-19 00:24:52,0.0
784,2018-11-19 00:25:52,0.0
785,2018-11-19 00:26:52,0.0
786,2018-11-19 00:27:52,0.0
787,2018-11-19 00:28:52,0.0
788,2018-11-19 00:29:52,0.0
789,2018-11-19 00:30:52,0.0
790,2018-11-19 00:31:52,0.0
791,2018-11-19 00:32:52,0.0
792,2018-11-19 00:33:52,0.0
793,2018-11-19 00:34:52,0.0
794,2018-11-19 00:35:52,0.0
795,2018-11-19 00:36:52,0.0
796,2018-11-19 00:37:52,0.0
797,2018-11-19 00:38:52,0.0
798,2018-11-19 00:39:52,0.0
799,2018-11-19 00:40:52,0.0
800,2018-11-19 00:41:52,0.0
801,2018-11-19 00:42:52,0.0
802,2018-11-19 00:43:52,0.0
803,2018-11-19 00:44:52,0.0
804,2018-11-19 00:45:52,0.0
805,2018-11-19 00:46:52,0.0
806,2018-11-19 00:47:52,0.0
807,2018-11-19 00:48:52,0.0
808,2018-11-19 00:49:52,0.0
809,2018-11-19 00:50:52,0.0
810,2018-11-19 00:51:52,0.0
811,2018-11-19 00:52:52,0.0
812,2018-11-19 00:53:52,0.0
813,2018-11-19 00:54:52,0.0
814,2018-11-19 00:55:52,0.0
815,2018-11-19 00:56:52,0.0
816,2018-11-19 00:57:52,0.0
817,2018-11-19 00:58:52,0.0
818,2018-11-19 00:59:52,0.0
819,2018-11-19 01:00:52,0.0
820,2018-11-19 01:01:52,0.0
821,2018-11-19 01:02:52,0.0
822,2018-11-19 01:03:52,0.0
823,2018-11-19 01:04:52,0.0
824,2018-11-19 01:05:52,0.0
825,2018-11-19 01:06:52,0.0
826,2018-11-19 01:07:52,0.0
827,2018-11-19 01:08:52,0.0
828,2018-11-19 01:09:52,0.0
829,2018-11-19 01:10:52,0.0
830,2018-11-19 01:11:52,0.0
831,2018-11-19 01:12:52,0.0
832,2018-11-19 01:13:52,0.0
833,2018-11-19 01:14:52,0.0
834,2018-11-19 01:15:52,0.0
835,2018-11-19 01:16:52,0.0
836,2018-11-19 01:17:52,0.0
837,2018-11-19 01:18:52,0.0
838,2018-11-19 01:19:52,0.0
839,2018-11-19 01:20:52,0.0
840,2018-11-19 01:21:52,0.0
841,2018-11-19 01:22:52,0.0
842,2018-11-19 01:23:52,0.0
843,2018-11-19 01:24:52,0.0
844,2018-11-19 01:25:52,0.0
845,2018-11-19 01:26:52,0.0
846,2018-11-19 01:27:52,0.0
847,2018-11-19 01:28:52,0.0
848,2018-11-19 01:29:52,0.0
849,2018-11-19 01:30:52,0.0
850,2018-11-19 01:31:52,0.0
851,2018-11-19 01:32:52,0.0
852,2018-11-19 01:33:52,0.0
853,2018-11-19 01:34:52,0.0
854,2018-11-19 01:35:52,0.0
855,2018-11-19 01:36:52,0.0
856,2018-11-19 01:37:52,0.0
857,2018-11-19 01:38:52,0.0
858,2018-11-19 01:39:52,0.0
859,2018-11-19 01:40:52,0.0
860,2018-11-19 01:41:52,0.0
861,2018-11-19 01:42:52,0.0
862,2018-11-19 01:43:52,0.0
863,2018-11-19 01:44:52,0.0
864,2018-11-19 01:45:52,0.0
865,2018-11-19 01:46:52,0.0
866,2018-11-19 01:47:52,0.0
867,2018-11-19 01:48:52,0.0
868,2018-11-19 01:49:52,0.0
869,2018-11-19 01:50:52,0.0
870,2018-11-19 01:51:52,0.0
871,2018-11-19 01:52:52,0.0
872,2018-11-19 01:53:52,0.0
873,2018-11-19 01:54:52,0.0
874,2018-11-19 01:55:52,0.0
875,2018-11-19 01:56:52,0.0
876,2018-11-19 01:57:52,0.0
877,2018-11-19 01:58:52,0.0
878,2018-11-19 01:59:52,0.0
879,2018-11-19 02:00:52,0.0
880,2018-11-19 02:01:52,0.0
881,2018-11-19 02:02:52,0.0
882,2018-11-19 02:03:52,0.0
883,2018-11-19 02:04:52,0.0
884,2018-11-19 02:05:52,0.0
885,2018-11-19 02:06:52,0.0
886,2018-11-19 02:07:52,0.0
887,2018-11-19 02:08:52,0.0
888,2018-11-19 02:09:52,0.0
889,2018-11-19 02:10:52,0.0
890,2018-11-19 02:11:52,0.0
891,2018-11-19 02:12:52,0.0
892,2018-11-19 02:13:52,0.0
893,2018-11-19 02:14:52,0.0
894,2018-11-19 02:15:52,0.0
895,2018-11-19 02:16:52,0.0
896,2018-11-19 02:17:52,0.0
897,2018-11-19 02:18:52,0.0
898,2018-11-19 02:19:52,0.0
899,2018-11-19 02:20:52,0.0
900,2018-11-19 02:21:52,0.0
901,2018-11-19 02:22:52,0.0
902,2018-11-19 02:23:52,0.0
903,2018-11-19 02:24:52,0.0
904,2018-11-19 02:25:52,0.0
905,2018-11-19 02:26:52,0.0
906,2018-11-19 02:27:52,0.0
907,2018-11-19 02:28:52,0.0
908,2018-11-19 02:29:52,0.0
909,2018-11-19 02:30:52,0.0
910,2018-11-19 02:31:52,0.0
911,2018-11-19 02:32:52,0.0
912,2018-11-19 02:33:52,0.0
913,2018-11-19 02:34:52,0.0
914,2018-11-19 02:35:52,0.0
915,2018-11-19 02:36:52,0.0
916,2018-11-19 02:37:52,0.0
917,2018-11-19 02:38:52,0.0
918,2018-11-19 02:39:52,0.0
919,2018-11-19 02:40:52,0.0
920,2018-11-19 02:41:52,0.0
921,2018-11-19 02:42:52,0.0
922,2018-11-19 02:43:52,0.0
923,2018-11-19 02:44:52,0.0
924,2018-11-19 02:45:52,0.0
925,2018-11-19 02:46:52,0.0
926,2018-11-19 02:47:52,0.0
927,2018-11-19 02:48:52,0.0
928,2018-11-19 02:49:52,0.0
929,2018-11-19 02:50:52,0.0
930,2018-11-19 02:51:52,0.0
931,2018-11-19 02:52:52,0.0
932,2018-11-19 02:53:52,0.0
933,2018-11-19 02:54:52,0.0
934,2018-11-19 02:55:52,0.0
935,2018-11-19 02:56:52,0.0
936,2018-11-19 02:57:52,0.0
937,2018-11-19 02:58:52,0.0
938,2018-11-19 02:59:52,0.0
939,2018-11-19 03:00:52,0.0
940,2018-11-19 03:01:52,0.0
941,2018-11-19 03:02:52,0.0
942,2018-11-19 03:03:52,0.0
943,2018-11-19 03:04:52,0.0
944,2018-11-19 03:05:52,0.0
945,2018-11-19 03:06:52,0.0
946,2018-11-19 03:07:52,0.0
947,2018-11-19 03:08:52,0.0
948,2018-11-19 03:09:52,0.0
949,2018-11-19 03:10:52,0.0
950,2018-11-19 03:11:52,0.0
951,2018-11-19 03:12:52,0.0
952,2018-11-19 03:13:52,0.0
953,2018-11-19 03:14:52,0.0
954,2018-11-19 03:15:52,0.0
955,2018-11-19 03:16:52,0.0
956,2018-11-19 03:17:52,0.0
957,2018-11-19 03:18:52,0.0
958,2018-11-19 03:19:52,0.0
959,2018-11-19 03:20:52,0.0
960,2018-11-19 03:21:52,0.0
961,2018-11-19 03:22:52,0.0
962,2018-11-19 03:23:52,0.0
963,2018-11-19 03:24:52,0.0
964,2018-11-19 03:25:52,0.0
965,2018-11-19 03:26:52,0.0
966,2018-11-19 03:27:52,0.0
967,2018-11-19 03:28:52,0.0
968,2018-11-19 03:29:52,0.0
969,2018-11-19 03:30:52,0.0
970,2018-11-19 03:31:52,0.0
971,2018-11-19 03:32:52,0.0
972,2018-11-19 03:33:52,0.0
973,2018-11-19 03:34:52,0.0
974,2018-11-19 03:35:52,0.0
975,2018-11-19 03:36:52,0.0
976,2018-11-19 03:37:52,0.0
977,2018-11-19 03:38:52,0.0
978,2018-11-19 03:39:52,0.0
979,2018-11-19 03:40:52,0.0
980,2018-11-19 03:41:52,0.0
981,2018-11-19 03:42:52,0.0
982,2018-11-19 03:43:52,0.0
983,2018-11-19 03:44:52,0.0
984,2018-11-19 03:45:52,0.0
985,2018-11-19 03:46:52,0.0
986,2018-11-19 03:47:52,0.0
987,2018-11-19 03:48:52,0.0
988,2018-11-19 03:49:52,0.0
989,2018-11-19 03:50:52,0.0
990,2018-11-19 03:51:52,0.0
991,2018-11-19 03:52:52,0.0
992,2018-11-19 03:53:52,0.0
993,2018-11-19 03:54:52,0.0
994,2018-11-19 03:55:52,0.0
995,2018-11-19 03:56:52,0.0
996,2018-11-19 03:57:52,0.0
997,2018-11-19 03:58:52,0.0
998,2018-11-19 03:59:52,0.0
999,2018-11-19 04:00:52,0.0
1000,2018-11-19 04:01:52,0.0
1001,2018-11-19 04:02:52,0.0
1002,2018-11-19 04:03:52,0.0
1003,2018-11-19 04:04:52,0.0
1004,2018-11-19 04:05:52,0.0
1005,2018-11-19 04:06:52,0.0
1006,2018-11-19 04:07:52,0.0
1007,2018-11-19 04:08:52,0.0
1008,2018-11-19 04:09:52,0.0
1009,2018-11-19 04:10:52,0.0
1010,2018-11-19 04:11:52,0.0
1011,2018-11-19 04:12:52,0.0
1012,2018-11-19 04:13:52,0.0
1013,2018-11-19 04:14:52,0.0
1014,2018-11-19 04:15:52,0.0
1015,2018-11-19 04:16:52,0.0
1016,2018-11-19 04:17:52,0.0
1017,2018-11-19 04:18:52,0.0
1018,2018-11-19 04:19:52,0.0
1019,2018-11-19 04:20:52,0.0
1020,2018-11-19 04:21:52,0.0
1021,2018-11-19 04:22:52,0.0
1022,2018-11-19 04:23:52,0.0
1023,2018-11-19 04:24:52,0.0
1024,2018-11-19 04:25:52,0.0
1025,2018-11-19 04:26:52,0.0
1026,2018-11-19 04:27:52,0.0
1027,2018-11-19 04:28:52,0.0
1028,2018-11-19 04:29:52,0.0
1029,2018-11-19 04:30:52,0.0
1030,2018-11-19 04:31:52,0.0
1031,2018-11-19 04:32:52,0.0
1032,2018-11-19 04:33:52,0.0
1033,2018-11-19 04:34:52,0.0
1034,2018-11-19 04:35:52,0.0
1035,2018-11-19 04:36:52,0.0
1036,2018-11-19 04:37:52,0.0
1037,2018-11-19 04:38:52,0.0
1038,2018-11-19 04:39:52,0.0
1039,2018-11-19 04:40:52,0.0
1040,2018-11-19 04:41:52,0.0
1041,2018-11-19 04:42:52,0.0
1042,2018-11-19 04:43:52,0.0
1043,2018-11-19 04:44:52,0.0
1044,2018-11-19 04:45:52,0.0
1045,2018-11-19 04:46:52,0.0
1046,2018-11-19 04:47:52,0.0
1047,2018-11-19 04:48:52,0.0
1048,2018-11-19 04:49:52,0.0
1049,2018-11-19 04:50:52,0.0
1050,2018-11-19 04:51:52,0.0
1051,2018-11-19 04:52:52,0.0
1052,2018-11-19 04:53:52,0.0
1053,2018-11-19 04:54:52,0.0
1054,2018-11-19 04:55:52,0.0
1055,2018-11-19 04:56:52,0.0
1056,2018-11-19 04:57:52,0.0
1057,2018-11-19 04:58:52,0.0
1058,2018-11-19 04:59:52,0.0
1059,2018-11-19 05:00:52,0.0
1060,2018-11-19 05:01:52,0.0
1061,2018-11-19 05:02:52,0.0
1062,2018-11-19 05:03:52,0.0
1063,2018-11-19 05:04:52,0.0
1064,2018-11-19 05:05:52,0.0
1065,2018-11-19 05:06:52,0.0
1066,2018-11-19 05:07:52,0.0
1067,2018-11-19 05:08:52,0.0
1068,2018-11-19 05:09:52,0.0
1069,2018-11-19 05:10:52,0.0
1070,2018-11-19 05:11:52,0.0
1071,2018-11-19 05:12:52,0.0
1072,2018-11-19 05:13:52,0.0
1073,2018-11-19 05:14:52,0.0
1074,2018-11-19 05:15:52,0.0
1075,2018-11-19 05:16:52,0.0
1076,2018-11-19 05:17:52,0.0
1077,2018-11-19 05:18:52,0.0
1078,2018-11-19 05:19:52,0.0
1079,2018-11-19 05:20:52,0.0
1080,2018-11-19 05:21:52,0.0
1081,2018-11-19 05:22:52,0.0
1082,2018-11-19 05:23:52,0.0
1083,2018-11-19 05:24:52,0.0
1084,2018-11-19 05:25:52,0.0
1085,2018-11-19 05:26:52,0.0
1086,2018-11-19 05:27:52,0.0
1087,2018-11-19 05:28:52,0.0
1088,2018-11-19 05:29:52,0.0
1089,2018-11-19 05:30:52,0.0
1090,2018-11-19 05:31:52,0.0
1091,2018-11-19 05:32:52,0.0
1092,2018-11-19 05:33:52,0.0
1093,2018-11-19 05:34:52,0.0
1094,2018-11-19 05:35:52,0.0
1095,2018-11-19 05:36:52,0.0
1096,2018-11-19 05:37:52,0.0
1097,2018-11-19 05:38:52,0.0
1098,2018-11-19 05:39:52,0.0
1099,2018-11-19 05:40:52,0.0
1100,2018-11-19 05:41:52,0.0
1101,2018-11-19 05:42:52,0.0
1102,2018-11-19 05:43:52,0.0
1103,2018-11-19 05:44:52,0.0
1104,2018-11-19 05:45:52,0.0
1105,2018-11-19 05:46:52,0.0
1106,2018-11-19 05:47:52,0.0
1107,2018-11-19 05:48:52,0.0
1108,2018-11-19 05:49:52,0.0
1109,2018-11-19 05:50:52,0.0
1110,2018-11-19 05:51:52,0.0
1111,2018-11-19 05:52:52,0.0
1112,2018-11-19 05:53:52,0.0
1113,2018-11-19 05:54:52,0.0
1114,2018-11-19 05:55:52,0.0
1115,2018-11-19 05:56:52,0.0
1116,2018-11-19 05:57:52,0.0
1117,2018-11-19 05:58:52,0.0
1118,2018-11-19 05:59:52,0.0
1119,2018-11-19 06:00:52,0.0
1120,2018-11-19 06:01:52,0.0
1121,2018-11-19 06:02:52,0.0
1122,2018-11-19 06:03:52,0.0
1123,2018-11-19 06:04:52,0.0
1124,2018-11-19 06:05:52,0.0
1125,2018-11-19 06:06:52,0.0
1126,2018-11-19 06:07:52,0.0
1127,2018-11-19 06:08:52,0.0
1128,2018-11-19 06:09:52,0.0
1129,2018-11-19 06:10:52,0.0
1130,2018-11-19 06:11:52,0.0
1131,2018-11-19 06:12:52,0.0
1132,2018-11-19 06:13:52,0.0
1133,2018-11-19 06:14:52,0.0
1134,2018-11-19 06:15:52,0.0
1135,2018-11-19 06:16:52,0.0
1136,2018-11-19 06:17:52,0.0
1137,2018-11-19 06:18:52,0.0
1138,2018-11-19 06:19:52,0.0
1139,2018-11-19 06:20:52,0.0
1140,2018-11-19 06:21:52,0.0
1141,2018-11-19 06:22:52,0.0
1142,2018-11-19 06:23:52,0.0
1143,2018-11-19 06:24:52,0.0
1144,2018-11-19 06:25:52,0.0
1145,2018-11-19 06:26:52,0.0
1146,2018-11-19 06:27:52,0.0
1147,2018-11-19 06:28:52,0.0
1148,2018-11-19 06:29:52,0.0
1149,2018-11-19 06:30:52,0.0
1150,2018-11-19 06:31:52,0.0
1151,2018-11-19 06:32:52,0.0
1152,2018-11-19 06:33:52,0.0
1153,2018-11-19 06:34:52,0.0
1154,2018-11-19 06:35:52,0.0
1155,2018-11-19 06:36:52,0.0
1156,2018-11-19 06:37:52,0.0
1157,2018-11-19 06:38:52,0.0
1158,2018-11-19 06:39:52,0.0
1159,2018-11-19 06:40:52,0.0
1160,2018-11-19 06:41:52,0.0
1161,2018-11-19 06:42:52,0.0
1162,2018-11-19 06:43:52,0.0
1163,2018-11-19 06:44:52,0.0
1164,2018-11-19 06:45:52,0.0
1165,2018-11-19 06:46:52,0.0
1166,2018-11-19 06:47:52,0.0
1167,2018-11-19 06:48:52,0.0
1168,2018-11-19 06:49:52,0.0
1169,2018-11-19 06:50:52,0.0
1170,2018-11-19 06:51:52,0.0
1171,2018-11-19 06:52:52,0.0
1172,2018-11-19 06:53:52,0.0
1173,2018-11-19 06:54:52,0.0
1174,2018-11-19 06:55:52,0.0
1175,2018-11-19 06:56:52,0.0
1176,2018-11-19 06:57:52,0.0
1177,2018-11-19 06:58:52,0.0
1178,2018-11-19 06:59:52,0.0
1179,2018-11-19 07:00:52,0.0
1180,2018-11-19 07:01:52,0.0
1181,2018-11-19 07:02:52,0.0
1182,2018-11-19 07:03:52,0.0
1183,2018-11-19 07:04:52,0.0
1184,2018-11-19 07:05:52,0.0
1185,2018-11-19 07:06:52,0.0
1186,2018-11-19 07:07:52,0.0
1187,2018-11-19 07:08:52,0.0
1188,2018-11-19 07:09:52,0.0
1189,2018-11-19 07:10:52,0.0
1190,2018-11-19 07:11:52,0.0
1191,2018-11-19 07:12:52,0.0
1192,2018-11-19 07:13:52,0.0
1193,2018-11-19 07:14:52,0.0
1194,2018-11-19 07:15:52,0.0
1195,2018-11-19 07:16:52,0.0
1196,2018-11-19 07:17:52,0.0
1197,2018-11-19 07:18:52,0.0
1198,2018-11-19 07:19:52,0.0
1199,2018-11-19 07:20:52,0.0
1200,2018-11-19 07:21:52,0.0
1201,2018-11-19 07:22:52,0.0
1202,2018-11-19 07:23:52,0.0
1203,2018-11-19 07:24:52,0.0
1204,2018-11-19 07:25:52,0.0
1205,2018-11-19 07:26:52,0.0
1206,2018-11-19 07:27:52,0.0
1207,2018-11-19 07:28:52,0.0
1208,2018-11-19 07:29:52,0.0
1209,2018-11-19 07:30:52,0.0
1210,2018-11-19 07:31:52,0.0
1211,2018-11-19 07:32:52,0.0
1212,2018-11-19 07:33:52,0.0
1213,2018-11-19 07:34:52,0.0
1214,2018-11-19 07:35:52,0.0
1215,2018-11-19 07:36:52,0.0
1216,2018-11-19 07:37:52,0.0
1217,2018-11-19 07:38:52,0.0
1218,2018-11-19 07:39:52,0.0
1219,2018-11-19 07:40:52,0.0
1220,2018-11-19 07:41:52,0.0
1221,2018-11-19 07:42:52,0.0
1222,2018-11-19 07:43:52,0.0
1223,2018-11-19 07:44:52,0.0
1224,2018-11-19 07:45:52,0.0
1225,2018-11-19 07:46:52,0.0
1226,2018-11-19 07:47:52,0.0
1227,2018-11-19 07:48:52,0.0
1228,2018-11-19 07:49:52,0.0
1229,2018-11-19 07:50:52,0.0
1230,2018-11-19 07:51:52,0.0
1231,2018-11-19 07:52:52,0.0
1232,2018-11-19 07:53:52,0.0
1233,2018-11-19 07:54:52,0.0
1234,2018-11-19 07:55:52,0.0
1235,2018-11-19 07:56:52,0.0
1236,2018-11-19 07:57:52,0.0
1237,2018-11-19 07:58:52,0.0
1238,2018-11-19 07:59:52,0.0
1239,2018-11-19 08:00:52,0.0
1240,2018-11-19 08:01:52,0.0
1241,2018-11-19 08:02:52,0.0
1242,2018-11-19 08:03:52,0.0
1243,2018-11-19 08:04:52,0.0
1244,2018-11-19 08:05:52,0.0
1245,2018-11-19 08:06:52,0.0
1246,2018-11-19 08:07:52,0.0
1247,2018-11-19 08:08:52,0.0
1248,2018-11-19 08:09:52,0.0
1249,2018-11-19 08:10:52,0.0
1250,2018-11-19 08:11:52,0.0
1251,2018-11-19 08:12:52,0.0
1252,2018-11-19 08:13:52,0.0
1253,2018-11-19 08:14:52,0.0
1254,2018-11-19 08:15:52,0.0
1255,2018-11-19 08:16:52,0.0
1256,2018-11-19 08:17:52,0.0
1257,2018-11-19 08:18:52,0.0
1258,2018-11-19 08:19:52,0.0
1259,2018-11-19 08:20:52,0.0
1260,2018-11-19 08:21:52,0.0
1261,2018-11-19 08:22:52,0.0
1262,2018-11-19 08:23:52,0.0
1263,2018-11-19 08:24:52,0.0
1264,2018-11-19 08:25:52,0.0
1265,2018-11-19 08:26:52,0.0
1266,2018-11-19 08:27:52,0.0
1267,2018-11-19 08:28:52,0.0
1268,2018-11-19 08:29:52,0.0
1269,2018-11-19 08:30:52,0.0
1270,2018-11-19 08:31:52,0.0
1271,2018-11-19 08:32:52,0.0
1272,2018-11-19 08:33:52,0.0
1273,2018-11-19 08:34:52,0.0
1274,2018-11-19 08:35:52,0.0
1275,2018-11-19 08:36:52,0.0
1276,2018-11-19 08:37:52,0.0
1277,2018-11-19 08:38:52,0.0
1278,2018-11-19 08:39:52,0.0
1279,2018-11-19 08:40:52,0.0
1280,2018-11-19 08:41:52,0.0
1281,2018-11-19 08:42:52,0.0
1282,2018-11-19 08:43:52,0.0
1283,2018-11-19 08:44:52,0.0
1284,2018-11-19 08:45:52,0.0
1285,2018-11-19 08:46:52,0.0
1286,2018-11-19 08:47:52,0.0
1287,2018-11-19 08:48:52,0.0
1288,2018-11-19 08:49:52,0.0
1289,2018-11-19 08:50:52,0.0
1290,2018-11-19 08:51:52,0.0
1291,2018-11-19 08:52:52,0.0
1292,2018-11-19 08:53:52,0.0
1293,2018-11-19 08:54:52,0.0
1294,2018-11-19 08:55:52,0.0
1295,2018-11-19 08:56:52,0.0
1296,2018-11-19 08:57:52,0.0
1297,2018-11-19 08:58:52,0.0
1298,2018-11-19 08:59:52,0.0
1299,2018-11-19 09:00:52,0.0
1300,2018-11-19 09:01:52,0.0
1301,2018-11-19 09:02:52,0.0
1302,2018-11-19 09:03:52,0.0
1303,2018-11-19 09:04:52,0.0
1304,2018-11-19 09:05:52,0.0
1305,2018-11-19 09:06:52,0.0
1306,2018-11-19 09:07:52,0.0
1307,2018-11-19 09:08:52,0.0
1308,2018-11-19 09:09:52,0.0
1309,2018-11-19 09:10:52,0.0
1310,2018-11-19 09:11:52,0.0
1311,2018-11-19 09:12:52,0.0
1312,2018-11-19 09:13:52,0.0
1313,2018-11-19 09:14:52,0.0
1314,2018-11-19 09:15:52,0.0
1315,2018-11-19 09:16:52,0.0
1316,2018-11-19 09:17:52,0.0
1317,2018-11-19 09:18:52,0.0
1318,2018-11-19 09:19:52,0.0
1319,2018-11-19 09:20:52,0.0
1320,2018-11-19 09:21:52,0.0
1321,2018-11-19 09:22:52,0.0
1322,2018-11-19 09:23:52,0.0
1323,2018-11-19 09:24:52,0.0
1324,2018-11-19 09:25:52,0.0
1325,2018-11-19 09:26:52,0.0
1326,2018-11-19 09:27:52,0.0
1327,2018-11-19 09:28:52,0.0
1328,2018-11-19 09:29:52,0.0
1329,2018-11-19 09:30:52,0.0
1330,2018-11-19 09:31:52,0.0
1331,2018-11-19 09:32:52,0.0
1332,2018-11-19 09:33:52,0.0
1333,2018-11-19 09:34:52,0.0
1334,2018-11-19 09:35:52,0.0
1335,2018-11-19 09:36:52,0.0
1336,2018-11-19 09:37:52,0.0
1337,2018-11-19 09:38:52,0.0
1338,2018-11-19 09:39:52,0.0
1339,2018-11-19 09:40:52,0.0
1340,2018-11-19 09:41:52,0.0
1341,2018-11-19 09:42:52,0.0
1342,2018-11-19 09:43:52,0.0
1343,2018-11-19 09:44:52,0.0
1344,2018-11-19 09:45:52,0.0
1345,2018-11-19 09:46:52,0.0
1346,2018-11-19 09:47:52,0.0
1347,2018-11-19 09:48:52,0.0
1348,2018-11-19 09:49:52,0.0
1349,2018-11-19 09:50:52,0.0
1350,2018-11-19 09:51:52,0.0
1351,2018-11-19 09:52:52,0.0
1352,2018-11-19 09:53:52,0.0
1353,2018-11-19 09:54:52,0.0
1354,2018-11-19 09:55:52,0.0
1355,2018-11-19 09:56:52,0.0
1356,2018-11-19 09:57:52,0.0
1357,2018-11-19 09:58:52,0.0
1358,2018-11-19 09:59:52,0.0
1359,2018-11-19 10:00:52,0.0
1360,2018-11-19 10:01:52,0.0
1361,2018-11-19 10:02:52,0.0
1362,2018-11-19 10:03:52,0.0
1363,2018-11-19 10:04:52,0.0
1364,2018-11-19 10:05:52,0.0
1365,2018-11-19 10:06:52,0.0
1366,2018-11-19 10:07:52,0.0
1367,2018-11-19 10:08:52,0.0
1368,2018-11-19 10:09:52,0.0
1369,2018-11-19 10:10:52,0.0
1370,2018-11-19 10:11:52,0.0
1371,2018-11-19 10:12:52,0.0
1372,2018-11-19 10:13:52,0.0
1373,2018-11-19 10:14:52,0.0
1374,2018-11-19 10:15:52,0.5
1375,2018-11-19 10:16:52,0.5
1376,2018-11-19 10:17:52,0.0
1377,2018-11-19 10:18:52,0.0
1378,2018-11-19 10:19:52,0.0
1379,2018-11-19 10:20:52,0.0
1380,2018-11-19 10:21:52,0.0
1381,2018-11-19 10:22:52,0.0
1382,2018-11-19 10:23:52,0.0
1383,2018-11-19 10:24:52,0.5
1384,2018-11-19 10:25:52,0.0
1385,2018-11-19 10:26:52,0.0
1386,2018-11-19 10:27:52,0.0
1387,2018-11-19 10:28:52,0.0
1388,2018-11-19 10:29:52,0.0
1389,2018-11-19 10:30:52,0.5
1390,2018-11-19 10:31:52,0.0
1391,2018-11-19 10:32:52,0.0
1392,2018-11-19 10:33:52,0.0
1393,2018-11-19 10:34:52,0.0
1394,2018-11-19 10:35:52,0.0
1395,2018-11-19 10:36:52,0.0
1396,2018-11-19 10:37:52,0.0
1397,2018-11-19 10:38:52,0.0
1398,2018-11-19 10:39:52,0.0
1399,2018-11-19 10:40:52,0.0
1400,2018-11-19 10:41:52,0.0
1401,2018-11-19 10:42:52,0.0
1402,2018-11-19 10:43:52,0.0
1403,2018-11-19 10:44:52,0.0
1404,2018-11-19 10:45:52,0.0
1405,2018-11-19 10:46:52,0.0
1406,2018-11-19 10:47:52,0.0
1407,2018-11-19 10:48:52,0.0
1408,2018-11-19 10:49:52,0.0
1409,2018-11-19 10:50:52,0.0
1410,2018-11-19 10:51:52,0.0
1411,2018-11-19 10:52:52,0.0
1412,2018-11-19 10:53:52,0.0
1413,2018-11-19 10:54:52,0.0
1414,2018-11-19 10:55:52,0.0
1415,2018-11-19 10:56:52,0.0
1416,2018-11-19 10:57:52,0.0
1417,2018-11-19 10:58:52,0.0
1418,2018-11-19 10:59:52,0.0
1419,2018-11-19 11:00:52,0.0
1420,2018-11-19 11:01:52,0.0
1421,2018-11-19 11:02:52,0.0
1422,2018-11-19 11:03:52,0.0
1423,2018-11-19 11:04:52,0.0
1424,2018-11-19 11:05:52,0.0
1425,2018-11-19 11:06:52,0.0
1426,2018-11-19 11:07:52,0.0
1427,2018-11-19 11:08:52,0.0
1428,2018-11-19 11:09:52,0.0
1429,2018-11-19 11:10:52,0.0
1430,2018-11-19 11:11:52,0.0
1431,2018-11-19 11:12:52,0.0
1432,2018-11-19 11:13:52,0.0
1433,2018-11-19 11:14:52,0.0
1434,2018-11-19 11:15:52,0.0
1435,2018-11-19 11:16:52,0.0
1436,2018-11-19 11:17:52,0.0
1437,2018-11-19 11:18:52,0.0
1438,2018-11-19 11:19:52,0.0
1439,2018-11-19 11:20:52,0.0
1440,2018-11-19 11:21:52,0.0
1441,2018-11-19 11:22:52,0.0
1442,2018-11-19 11:23:52,0.0
1443,2018-11-19 11:24:52,0.0
1444,2018-11-19 11:25:52,0.0
1445,2018-11-19 11:26:52,0.0
1446,2018-11-19 11:27:52,0.0
1447,2018-11-19 11:28:52,0.0
1448,2018-11-19 11:29:52,0.0
1449,2018-11-19 11:30:52,0.0
1450,2018-11-19 11:31:52,0.0
1451,2018-11-19 11:32:52,0.0
1452,2018-11-19 11:33:52,0.0
1453,2018-11-19 11:34:52,0.0
1454,2018-11-19 11:35:52,0.0
1455,2018-11-19 11:36:52,0.0
1456,2018-11-19 11:37:52,0.0
1457,2018-11-19 11:38:52,0.0
1458,2018-11-19 11:39:52,0.0
1459,2018-11-19 11:40:52,0.0
1460,2018-11-19 11:41:52,0.0
1461,2018-11-19 11:42:52,0.0
1462,2018-11-19 11:43:52,0.0
1463,2018-11-19 11:44:52,0.0
1464,2018-11-19 11:45:52,0.0
1465,2018-11-19 11:46:52,0.0
1466,2018-11-19 11:47:52,0.0
1467,2018-11-19 11:48:52,0.0
1468,2018-11-19 11:49:52,0.0
1469,2018-11-19 11:50:52,0.0
1470,2018-11-19 11:51:52,0.0
1471,2018-11-19 11:52:52,0.0
1472,2018-11-19 11:53:52,0.0
1473,2018-11-19 11:54:52,0.0
1474,2018-11-19 11:55:52,0.0
1475,2018-11-19 11:56:52,0.0
1476,2018-11-19 11:57:52,0.0
1477,2018-11-19 11:58:52,0.0
1478,2018-11-19 11:59:52,0.0
1479,2018-11-19 12:00:52,0.0
1480,2018-11-19 12:01:52,0.0
1481,2018-11-19 12:02:52,0.0
1482,2018-11-19 12:03:52,0.0
1483,2018-11-19 12:04:52,0.0
1484,2018-11-19 12:05:52,0.0
1485,2018-11-19 12:06:52,0.0
1486,2018-11-19 12:07:52,0.0
1487,2018-11-19 12:08:52,0.0
1488,2018-11-19 12:09:52,0.0
1489,2018-11-19 12:10:52,0.0
1490,2018-11-19 12:11:52,0.0
1491,2018-11-19 12:12:52,0.0
1492,2018-11-19 12:13:52,0.0
1493,2018-11-19 12:14:52,0.0
1494,2018-11-19 12:15:52,0.0
1495,2018-11-19 12:16:52,0.0
1496,2018-11-19 12:17:52,0.0
1497,2018-11-19 12:18:52,0.0
1498,2018-11-19 12:19:52,0.0
1499,2018-11-19 12:20:52,0.0
1500,2018-11-19 12:21:52,0.0
1501,2018-11-19 12:22:52,0.0
1502,2018-11-19 12:23:52,0.0
1503,2018-11-19 12:24:52,0.0
1504,2018-11-19 12:25:52,0.0
1505,2018-11-19 12:26:52,0.0
1506,2018-11-19 12:27:52,0.0
1507,2018-11-19 12:28:52,0.0
1508,2018-11-19 12:29:52,0.0
1509,2018-11-19 12:30:52,0.0
1510,2018-11-19 12:31:52,0.0
1511,2018-11-19 12:32:52,0.0
1512,2018-11-19 12:33:52,0.0
1513,2018-11-19 12:34:52,0.0
1514,2018-11-19 12:35:52,0.0
1515,2018-11-19 12:36:52,0.0
1516,2018-11-19 12:37:52,0.0
1517,2018-11-19 12:38:52,0.0
1518,2018-11-19 12:39:52,0.0
1519,2018-11-19 12:40:52,0.0
1520,2018-11-19 12:41:52,0.0
1521,2018-11-19 12:42:52,0.0
1522,2018-11-19 12:43:52,0.0
1523,2018-11-19 12:44:52,0.0
1524,2018-11-19 12:45:52,0.0
1525,2018-11-19 12:46:52,0.0
1526,2018-11-19 12:47:52,0.0
1527,2018-11-19 12:48:52,0.0
1528,2018-11-19 12:49:52,0.0
1529,2018-11-19 12:50:52,0.0
1530,2018-11-19 12:51:52,0.0
1531,2018-11-19 12:52:52,0.0
1532,2018-11-19 12:53:52,0.0
1533,2018-11-19 12:54:52,0.0
1534,2018-11-19 12:55:52,0.0
1535,2018-11-19 12:56:52,0.0
1536,2018-11-19 12:57:52,0.0
1537,2018-11-19 12:58:52,0.0
1538,2018-11-19 12:59:52,0.0
1539,2018-11-19 13:00:52,0.0
1540,2018-11-19 13:01:52,0.0
1541,2018-11-19 13:02:52,0.0
1542,2018-11-19 13:03:52,0.0
1543,2018-11-19 13:04:52,0.0
1544,2018-11-19 13:05:52,0.0
1545,2018-11-19 13:06:52,0.0
1546,2018-11-19 13:07:52,0.0
1547,2018-11-19 13:08:52,0.0
1548,2018-11-19 13:09:52,0.0
1549,2018-11-19 13:10:52,0.0
1550,2018-11-19 13:11:52,0.0
1551,2018-11-19 13:12:52,0.0
1552,2018-11-19 13:13:52,0.0
1553,2018-11-19 13:14:52,0.0
1554,2018-11-19 13:15:52,0.0
1555,2018-11-19 13:16:52,0.0
1556,2018-11-19 13:17:52,0.0
1557,2018-11-19 13:18:52,0.0
1558,2018-11-19 13:19:52,0.0
1559,2018-11-19 13:20:52,0.0
1560,2018-11-19 13:21:52,0.0
1561,2018-11-19 13:22:52,0.0
1562,2018-11-19 13:23:52,0.0
1563,2018-11-19 13:24:52,0.0
1564,2018-11-19 13:25:52,0.0
1565,2018-11-19 13:26:52,0.0
1566,2018-11-19 13:27:52,0.0
1567,2018-11-19 13:28:52,0.0
1568,2018-11-19 13:29:52,0.0
1569,2018-11-19 13:30:52,0.0
1570,2018-11-19 13:31:52,0.0
1571,2018-11-19 13:32:52,0.0
1572,2018-11-19 13:33:52,0.0
1573,2018-11-19 13:34:52,0.0
1574,2018-11-19 13:35:52,0.0
1575,2018-11-19 13:36:52,0.0
1576,2018-11-19 13:37:52,0.0
1577,2018-11-19 13:38:52,0.0
1578,2018-11-19 13:39:52,0.0
1579,2018-11-19 13:40:52,0.0
1580,2018-11-19 13:41:52,0.0
1581,2018-11-19 13:42:52,0.0
1582,2018-11-19 13:43:52,0.0
1583,2018-11-19 13:44:52,0.0
1584,2018-11-19 13:45:52,0.0
1585,2018-11-19 13:46:52,0.0
1586,2018-11-19 13:47:52,0.0
1587,2018-11-19 13:48:52,0.0
1588,2018-11-19 13:49:52,0.0
1589,2018-11-19 13:50:52,0.0
1590,2018-11-19 13:51:52,0.0
1591,2018-11-19 13:52:52,0.0
1592,2018-11-19 13:53:52,0.0
1593,2018-11-19 13:54:52,0.0
1594,2018-11-19 13:55:52,0.0
1595,2018-11-19 13:56:52,0.0
1596,2018-11-19 13:57:52,0.0
1597,2018-11-19 13:58:52,0.0
1598,2018-11-19 13:59:52,0.0
1599,2018-11-19 14:00:52,0.0
1600,2018-11-19 14:01:52,0.0
1601,2018-11-19 14:02:52,0.0
1602,2018-11-19 14:03:52,0.0
1603,2018-11-19 14:04:52,0.0
1604,2018-11-19 14:05:52,0.0
1605,2018-11-19 14:06:52,0.0
1606,2018-11-19 14:07:52,0.0
1607,2018-11-19 14:08:52,0.0
1608,2018-11-19 14:09:52,0.0
1609,2018-11-19 14:10:52,0.0
1610,2018-11-19 14:11:52,0.0
1611,2018-11-19 14:12:52,0.0
1612,2018-11-19 14:13:52,0.0
1613,2018-11-19 14:14:52,0.0
1614,2018-11-19 14:15:52,0.0
1615,2018-11-19 14:16:52,0.0
1616,2018-11-19 14:17:52,0.0
1617,2018-11-19 14:18:52,0.0
1618,2018-11-19 14:19:52,0.0
1619,2018-11-19 14:20:52,0.0
1620,2018-11-19 14:21:52,0.0
1621,2018-11-19 14:22:52,0.0
1622,2018-11-19 14:23:52,0.0
1623,2018-11-19 14:24:52,0.0
1624,2018-11-19 14:25:52,0.0
1625,2018-11-19 14:26:52,0.0
1626,2018-11-19 14:27:52,0.0
1627,2018-11-19 14:28:52,0.0
1628,2018-11-19 14:29:52,0.0
1629,2018-11-19 14:30:52,0.0
1630,2018-11-19 14:31:52,0.0
1631,2018-11-19 14:32:52,0.0
1632,2018-11-19 14:33:52,0.0
1633,2018-11-19 14:34:52,0.0
1634,2018-11-19 14:35:52,0.0
1635,2018-11-19 14:36:52,0.0
1636,2018-11-19 14:37:52,0.0
1637,2018-11-19 14:38:52,0.0
1638,2018-11-19 14:39:52,0.0
1639,2018-11-19 14:40:52,0.0
1640,2018-11-19 14:41:52,0.0
1641,2018-11-19 14:42:52,0.0
1642,2018-11-19 14:43:52,0.0
1643,2018-11-19 14:44:52,0.0
1644,2018-11-19 14:45:52,0.0
1645,2018-11-19 14:46:52,0.0
1646,2018-11-19 14:47:52,0.0
1647,2018-11-19 14:48:52,0.0
1648,2018-11-19 14:49:52,0.0
1649,2018-11-19 14:50:52,0.0
1650,2018-11-19 14:51:52,0.0
1651,2018-11-19 14:52:52,0.0
1652,2018-11-19 14:53:52,0.0
1653,2018-11-19 14:54:52,0.0
1654,2018-11-19 14:55:52,0.0
1655,2018-11-19 14:56:52,0.0
1656,2018-11-19 14:57:52,0.0
1657,2018-11-19 14:58:52,0.0
1658,2018-11-19 14:59:52,0.0
1659,2018-11-19 15:00:52,0.0
1660,2018-11-19 15:01:52,0.0
1661,2018-11-19 15:02:52,0.0
1662,2018-11-19 15:03:52,0.0
1663,2018-11-19 15:04:52,0.0
1664,2018-11-19 15:05:52,0.0
1665,2018-11-19 15:06:52,0.0
1666,2018-11-19 15:07:52,0.0
1667,2018-11-19 15:08:52,0.0
1668,2018-11-19 15:09:52,0.0
1669,2018-11-19 15:10:52,0.0
1670,2018-11-19 15:11:52,0.0
1671,2018-11-19 15:12:52,0.0
1672,2018-11-19 15:13:52,0.0
1673,2018-11-19 15:14:52,0.0
1674,2018-11-19 15:15:52,0.0
1675,2018-11-19 15:16:52,0.0
1676,2018-11-19 15:17:52,0.0
1677,2018-11-19 15:18:52,0.0
1678,2018-11-19 15:19:52,0.0
1679,2018-11-19 15:20:52,0.0
1680,2018-11-19 15:21:52,0.0
1681,2018-11-19 15:22:52,0.0
1682,2018-11-19 15:23:52,0.0
1683,2018-11-19 15:24:52,0.0
1684,2018-11-19 15:25:52,0.0
1685,2018-11-19 15:26:52,0.0
1686,2018-11-19 15:27:52,0.0
1687,2018-11-19 15:28:52,0.0
1688,2018-11-19 15:29:52,0.0
1689,2018-11-19 15:30:52,0.0
1690,2018-11-19 15:31:52,0.0
1691,2018-11-19 15:32:52,0.0
1692,2018-11-19 15:33:52,0.0
1693,2018-11-19 15:34:52,0.0
1694,2018-11-19 15:35:52,0.0
1695,2018-11-19 15:36:52,0.0
1696,2018-11-19 15:37:52,0.0
1697,2018-11-19 15:38:52,0.0
1698,2018-11-19 15:39:52,0.0
1699,2018-11-19 15:40:52,0.0
1700,2018-11-19 15:41:52,0.0
1701,2018-11-19 15:42:52,0.0
1702,2018-11-19 15:43:52,0.0
1703,2018-11-19 15:44:52,0.0
1704,2018-11-19 15:45:52,0.0
1705,2018-11-19 15:46:52,0.0
1706,2018-11-19 15:47:52,0.0
1707,2018-11-19 15:48:52,0.0
1708,2018-11-19 15:49:52,0.0
1709,2018-11-19 15:50:52,0.0
1710,2018-11-19 15:51:52,0.0
1711,2018-11-19 15:52:52,0.0
1712,2018-11-19 15:53:52,0.0
1713,2018-11-19 15:54:52,0.0
1714,2018-11-19 15:55:52,0.0
1715,2018-11-19 15:56:52,0.0
1716,2018-11-19 15:57:52,0.0
1717,2018-11-19 15:58:52,0.0
1718,2018-11-19 15:59:52,0.0
1719,2018-11-19 16:00:52,0.0
1720,2018-11-19 16:01:52,0.0
1721,2018-11-19 16:02:52,0.0
1722,2018-11-19 16:03:52,0.0
1723,2018-11-19 16:04:52,0.0
1724,2018-11-19 16:05:52,0.0
1725,2018-11-19 16:06:52,0.0
1726,2018-11-19 16:07:52,0.0
1727,2018-11-19 16:08:52,0.0
1728,2018-11-19 16:09:52,0.0
1729,2018-11-19 16:10:52,0.0
1730,2018-11-19 16:11:52,0.0
1731,2018-11-19 16:12:52,0.0
1732,2018-11-19 16:13:52,0.0
1733,2018-11-19 16:14:52,0.0
1734,2018-11-19 16:15:52,0.0
1735,2018-11-19 16:16:52,0.0
1736,2018-11-19 16:17:52,0.0
1737,2018-11-19 16:18:52,0.0
1738,2018-11-19 16:19:52,0.0
1739,2018-11-19 16:20:52,0.0
1740,2018-11-19 16:21:52,0.0
1741,2018-11-19 16:22:52,0.0
1742,2018-11-19 16:23:52,0.0
1743,2018-11-19 16:24:52,0.0
1744,2018-11-19 16:25:52,0.0
1745,2018-11-19 16:26:52,0.0
1746,2018-11-19 16:27:52,0.0
1747,2018-11-19 16:28:52,0.0
1748,2018-11-19 16:29:52,0.0
1749,2018-11-19 16:30:52,0.0
1750,2018-11-19 16:31:52,0.0
1751,2018-11-19 16:32:52,0.0
1752,2018-11-19 16:33:52,0.0
1753,2018-11-19 16:34:52,0.0
1754,2018-11-19 16:35:52,0.0
1755,2018-11-19 16:36:52,0.0
1756,2018-11-19 16:37:52,0.0
1757,2018-11-19 16:38:52,0.0
1758,2018-11-19 16:39:52,0.0
1759,2018-11-19 16:40:52,0.0
1760,2018-11-19 16:41:52,0.0
1761,2018-11-19 16:42:52,0.0
1762,2018-11-19 16:43:52,0.0
1763,2018-11-19 16:44:52,0.0
1764,2018-11-19 16:45:52,0.0
1765,2018-11-19 16:46:52,0.0
1766,2018-11-19 16:47:52,0.0
1767,2018-11-19 16:48:52,0.0
1768,2018-11-19 16:49:52,0.0
1769,2018-11-19 16:50:52,0.0
1770,2018-11-19 16:51:52,0.0
1771,2018-11-19 16:52:52,0.0
1772,2018-11-19 16:53:52,0.0
1773,2018-11-19 16:54:52,0.0
1774,2018-11-19 16:55:52,0.0
1775,2018-11-19 16:56:52,0.0
1776,2018-11-19 16:57:52,0.0
1777,2018-11-19 16:58:52,0.0
1778,2018-11-19 16:59:52,0.0
1779,2018-11-19 17:00:52,0.0
1780,2018-11-19 17:01:52,0.0
1781,2018-11-19 17:02:52,0.0
1782,2018-11-19 17:03:52,0.0
1783,2018-11-19 17:04:52,0.5
1784,2018-11-19 17:05:52,0.0
1785,2018-11-19 17:06:52,0.0
1786,2018-11-19 17:07:52,0.5
1787,2018-11-19 17:08:52,1.0
1788,2018-11-19 17:09:52,1.0
1789,2018-11-19 17:10:52,1.0
1790,2018-11-19 17:11:52,1.5
1791,2018-11-19 17:12:52,1.5
1792,2018-11-19 17:13:52,1.5
1793,2018-11-19 17:14:52,1.5
1794,2018-11-19 17:15:52,1.0
1795,2018-11-19 17:16:52,1.0
1796,2018-11-19 17:17:52,1.5
1797,2018-11-19 17:18:52,1.0
1798,2018-11-19 17:19:52,1.0
1799,2018-11-19 17:20:52,1.0
1800,2018-11-19 17:21:52,1.5
1801,2018-11-19 17:22:52,1.5
1802,2018-11-19 17:23:52,1.5
1803,2018-11-19 17:24:52,1.0
1804,2018-11-19 17:25:52,1.0
1805,2018-11-19 17:26:52,1.0
1806,2018-11-19 17:27:52,1.0
1807,2018-11-19 17:28:52,1.0
1808,2018-11-19 17:29:52,1.0
1809,2018-11-19 17:30:52,1.0
1810,2018-11-19 17:31:52,1.0
1811,2018-11-19 17:32:52,1.0
1812,2018-11-19 17:33:52,1.0
1813,2018-11-19 17:34:52,0.5
1814,2018-11-19 17:35:52,0.5
1815,2018-11-19 17:36:52,0.5
1816,2018-11-19 17:37:52,0.5
1817,2018-11-19 17:38:52,0.5
1818,2018-11-19 17:39:52,0.5
1819,2018-11-19 17:40:52,0.0
1820,2018-11-19 17:41:52,0.5
1821,2018-11-19 17:42:52,0.5
1822,2018-11-19 17:43:52,0.0
1823,2018-11-19 17:44:52,0.5
1824,2018-11-19 17:45:52,0.0
1825,2018-11-19 17:46:52,0.0
1826,2018-11-19 17:47:52,0.0
1827,2018-11-19 17:48:52,0.0
1828,2018-11-19 17:49:52,0.0
1829,2018-11-19 17:50:52,0.0
1830,2018-11-19 17:51:52,0.0
1831,2018-11-19 17:52:52,0.0
1832,2018-11-19 17:53:52,0.0
1833,2018-11-19 17:54:52,0.0
1834,2018-11-19 17:55:52,0.0
1835,2018-11-19 17:56:52,0.0
1836,2018-11-19 17:57:52,0.0
1837,2018-11-19 17:58:52,0.0
1838,2018-11-19 17:59:52,0.0
1839,2018-11-19 18:00:52,0.0
1840,2018-11-19 18:01:52,0.0
1841,2018-11-19 18:02:52,0.0
1842,2018-11-19 18:03:52,0.0
1843,2018-11-19 18:04:52,0.0
1844,2018-11-19 18:05:52,0.0
1845,2018-11-19 18:06:52,0.0
1846,2018-11-19 18:07:52,0.0
1847,2018-11-19 18:08:52,0.0
1848,2018-11-19 18:09:52,0.0
1849,2018-11-19 18:10:52,0.0
1850,2018-11-19 18:11:52,0.0
1851,2018-11-19 18:12:52,0.0
1852,2018-11-19 18:13:52,0.0
1853,2018-11-19 18:14:52,0.0
1854,2018-11-19 18:15:52,0.0
1855,2018-11-19 18:16:52,0.0
1856,2018-11-19 18:17:52,0.0
1857,2018-11-19 18:18:52,0.0
1858,2018-11-19 18:19:52,0.0
1859,2018-11-19 18:20:52,0.0
1860,2018-11-19 18:21:52,0.0
1861,2018-11-19 18:22:52,0.0
1862,2018-11-19 18:23:52,0.0
1863,2018-11-19 18:24:52,0.0
1864,2018-11-19 18:25:52,0.0
1865,2018-11-19 18:26:52,0.0
1866,2018-11-19 18:27:52,0.0
1867,2018-11-19 18:28:52,0.0
1868,2018-11-19 18:29:52,0.0
1869,2018-11-19 18:30:52,0.0
1870,2018-11-19 18:31:52,0.0
1871,2018-11-19 18:32:52,0.0
1872,2018-11-19 18:33:52,0.0
1873,2018-11-19 18:34:52,0.0
1874,2018-11-19 18:35:52,0.0
1875,2018-11-19 18:36:52,0.0
1876,2018-11-19 18:37:52,0.0
1877,2018-11-19 18:38:52,0.5
1878,2018-11-19 18:39:52,0.0
1879,2018-11-19 18:40:52,0.5
1880,2018-11-19 18:41:52,0.0
1881,2018-11-19 18:42:52,0.5
1882,2018-11-19 18:43:52,0.0
1883,2018-11-19 18:44:52,0.0
1884,2018-11-19 18:45:52,0.0
1885,2018-11-19 18:46:52,0.0
1886,2018-11-19 18:47:52,0.0
1887,2018-11-19 18:48:52,0.0
1888,2018-11-19 18:49:52,0.0
1889,2018-11-19 18:50:52,0.0
1890,2018-11-19 18:51:52,0.0
1891,2018-11-19 18:52:52,0.0
1892,2018-11-19 18:53:52,0.0
1893,2018-11-19 18:54:52,0.0
1894,2018-11-19 18:55:52,0.0
1895,2018-11-19 18:56:52,0.0
1896,2018-11-19 18:57:52,0.0
1897,2018-11-19 18:58:52,0.0
1898,2018-11-19 18:59:52,0.0
1899,2018-11-19 19:00:52,0.0
1900,2018-11-19 19:01:52,0.0
1901,2018-11-19 19:02:52,0.0
1902,2018-11-19 19:03:52,0.0
1903,2018-11-19 19:04:52,0.0
1904,2018-11-19 19:05:52,0.0
1905,2018-11-19 19:06:52,0.0
1906,2018-11-19 19:07:52,0.0
1907,2018-11-19 19:08:52,0.0
1908,2018-11-19 19:09:52,0.0
1909,2018-11-19 19:10:52,0.0
1910,2018-11-19 19:11:52,0.0
1911,2018-11-19 19:12:52,0.0
1912,2018-11-19 19:13:52,0.0
1913,2018-11-19 19:14:52,0.0
1914,2018-11-19 19:15:52,0.0
1915,2018-11-19 19:16:52,0.0
1916,2018-11-19 19:17:52,0.0
1917,2018-11-19 19:18:52,0.0
1918,2018-11-19 19:19:52,0.0
1919,2018-11-19 19:20:52,0.0
1920,2018-11-19 19:21:52,0.0
1921,2018-11-19 19:22:52,0.0
1922,2018-11-19 19:23:52,0.0
1923,2018-11-19 19:24:52,0.0
1924,2018-11-19 19:25:52,0.0
1925,2018-11-19 19:26:52,0.0
1926,2018-11-19 19:27:52,0.0
1927,2018-11-19 19:28:52,0.0
1928,2018-11-19 19:29:52,0.0
1929,2018-11-19 19:30:52,0.0
1930,2018-11-19 19:31:52,0.0
1931,2018-11-19 19:32:52,0.0
1932,2018-11-19 19:33:52,0.0
1933,2018-11-19 19:34:52,0.0
1934,2018-11-19 19:35:52,0.0
1935,2018-11-19 19:36:52,0.0
1936,2018-11-19 19:37:52,0.0
1937,2018-11-19 19:38:52,0.0
1938,2018-11-19 19:39:52,0.0
1939,2018-11-19 19:40:52,0.0
1940,2018-11-19 19:41:52,0.0
1941,2018-11-19 19:42:52,0.0
1942,2018-11-19 19:43:52,0.0
1943,2018-11-19 19:44:52,0.0
1944,2018-11-19 19:45:52,0.0
1945,2018-11-19 19:46:52,0.0
1946,2018-11-19 19:47:52,0.0
1947,2018-11-19 19:48:52,0.0
1948,2018-11-19 19:49:52,0.0
1949,2018-11-19 19:50:52,0.0
1950,2018-11-19 19:51:52,0.0
1951,2018-11-19 19:52:52,0.0
1952,2018-11-19 19:53:52,0.0
1953,2018-11-19 19:54:52,0.0
1954,2018-11-19 19:55:52,0.0
1955,2018-11-19 19:56:52,0.0
1956,2018-11-19 19:57:52,0.0
1957,2018-11-19 19:58:52,0.0
1958,2018-11-19 19:59:52,0.0
1959,2018-11-19 20:00:52,0.0
1960,2018-11-19 20:01:52,0.0
1961,2018-11-19 20:02:52,0.0
1962,2018-11-19 20:03:52,0.0
1963,2018-11-19 20:04:52,0.0
1964,2018-11-19 20:05:52,0.0
1965,2018-11-19 20:06:52,0.0
1966,2018-11-19 20:07:52,0.0
1967,2018-11-19 20:08:52,0.0
1968,2018-11-19 20:09:52,0.0
1969,2018-11-19 20:10:52,0.0
1970,2018-11-19 20:11:52,0.0
1971,2018-11-19 20:12:52,0.0
1972,2018-11-19 20:13:52,0.0
1973,2018-11-19 20:14:52,0.0
1974,2018-11-19 20:15:52,0.0
1975,2018-11-19 20:16:52,0.0
1976,2018-11-19 20:17:52,0.0
1977,2018-11-19 20:18:52,0.0
1978,2018-11-19 20:19:52,0.0
1979,2018-11-19 20:20:52,0.0
1980,2018-11-19 20:21:52,0.0
1981,2018-11-19 20:22:52,0.0
1982,2018-11-19 20:23:52,0.0
1983,2018-11-19 20:24:52,0.0
1984,2018-11-19 20:25:52,0.0
1985,2018-11-19 20:26:52,0.0
1986,2018-11-19 20:27:52,0.0
1987,2018-11-19 20:28:52,0.0
1988,2018-11-19 20:29:52,0.0
1989,2018-11-19 20:30:52,0.0
1990,2018-11-19 20:31:52,0.0
1991,2018-11-19 20:32:52,0.0
1992,2018-11-19 20:33:52,0.0
1993,2018-11-19 20:34:52,0.0
1994,2018-11-19 20:35:52,0.0
1995,2018-11-19 20:36:52,0.0
1996,2018-11-19 20:37:52,0.0
1997,2018-11-19 20:38:52,0.0
1998,2018-11-19 20:39:52,0.0
1999,2018-11-19 20:40:52,0.0
2000,2018-11-19 20:41:52,0.0
2001,2018-11-19 20:42:52,0.0
2002,2018-11-19 20:43:52,0.0
2003,2018-11-19 20:44:52,0.0
2004,2018-11-19 20:45:52,0.0
2005,2018-11-19 20:46:52,0.0
2006,2018-11-19 20:47:52,0.0
2007,2018-11-19 20:48:52,0.0
2008,2018-11-19 20:49:52,0.0
2009,2018-11-19 20:50:52,0.0
2010,2018-11-19 20:51:52,0.0
2011,2018-11-19 20:52:52,0.0
2012,2018-11-19 20:53:52,0.0
2013,2018-11-19 20:54:52,0.0
2014,2018-11-19 20:55:52,0.0
2015,2018-11-19 20:56:52,0.0
2016,2018-11-19 20:57:52,0.0
2017,2018-11-19 20:58:52,0.0
2018,2018-11-19 20:59:52,0.0
2019,2018-11-19 21:00:52,0.0
2020,2018-11-19 21:01:52,0.0
2021,2018-11-19 21:02:52,0.0
2022,2018-11-19 21:03:52,0.0
2023,2018-11-19 21:04:52,0.0
2024,2018-11-19 21:05:52,0.0
2025,2018-11-19 21:06:52,0.0
2026,2018-11-19 21:07:52,0.0
2027,2018-11-19 21:08:52,0.0
2028,2018-11-19 21:09:52,0.0
2029,2018-11-19 21:10:52,0.0
2030,2018-11-19 21:11:52,0.0
2031,2018-11-19 21:12:52,0.0
2032,2018-11-19 21:13:52,0.0
2033,2018-11-19 21:14:52,0.0
2034,2018-11-19 21:15:52,0.0
2035,2018-11-19 21:16:52,0.0
2036,2018-11-19 21:17:52,0.0
2037,2018-11-19 21:18:52,0.0
2038,2018-11-19 21:19:52,0.0
2039,2018-11-19 21:20:52,0.0
2040,2018-11-19 21:21:52,0.0
2041,2018-11-19 21:22:52,0.0
2042,2018-11-19 21:23:52,0.0
2043,2018-11-19 21:24:52,0.0
2044,2018-11-19 21:25:52,0.0
2045,2018-11-19 21:26:52,0.0
2046,2018-11-19 21:27:52,0.0
2047,2018-11-19 21:28:52,0.0
2048,2018-11-19 21:29:52,0.0
2049,2018-11-19 21:30:52,0.0
2050,2018-11-19 21:31:52,0.0
2051,2018-11-19 21:32:52,0.0
2052,2018-11-19 21:33:52,0.0
2053,2018-11-19 21:34:52,0.0
2054,2018-11-19 21:35:52,0.0
2055,2018-11-19 21:36:52,0.0
2056,2018-11-19 21:37:52,0.0
2057,2018-11-19 21:38:52,0.0
2058,2018-11-19 21:39:52,0.0
2059,2018-11-19 21:40:52,0.0
2060,2018-11-19 21:41:52,0.0
2061,2018-11-19 21:42:52,0.0
2062,2018-11-19 21:43:52,0.0
2063,2018-11-19 21:44:52,0.0
2064,2018-11-19 21:45:52,0.0
2065,2018-11-19 21:46:52,0.0
2066,2018-11-19 21:47:52,0.0
2067,2018-11-19 21:48:52,0.0
2068,2018-11-19 21:49:52,0.0
2069,2018-11-19 21:50:52,0.0
2070,2018-11-19 21:51:52,0.0
2071,2018-11-19 21:52:52,0.0
2072,2018-11-19 21:53:52,0.0
2073,2018-11-19 21:54:52,0.0
2074,2018-11-19 21:55:52,0.0
2075,2018-11-19 21:56:52,0.0
2076,2018-11-19 21:57:52,0.0
2077,2018-11-19 21:58:52,0.0
2078,2018-11-19 21:59:52,0.0
2079,2018-11-19 22:00:52,0.0
2080,2018-11-19 22:01:52,0.0
2081,2018-11-19 22:02:52,0.0
2082,2018-11-19 22:03:52,0.0
2083,2018-11-19 22:04:52,0.0
2084,2018-11-19 22:05:52,0.0
2085,2018-11-19 22:06:52,0.0
2086,2018-11-19 22:07:52,0.0
2087,2018-11-19 22:08:52,0.0
2088,2018-11-19 22:09:52,0.0
2089,2018-11-19 22:10:52,0.0
2090,2018-11-19 22:11:52,0.0
2091,2018-11-19 22:12:52,0.0
2092,2018-11-19 22:13:52,0.0
2093,2018-11-19 22:14:52,0.0
2094,2018-11-19 22:15:52,0.0
2095,2018-11-19 22:16:52,0.0
2096,2018-11-19 22:17:52,0.0
2097,2018-11-19 22:18:52,0.0
2098,2018-11-19 22:19:52,0.0
2099,2018-11-19 22:20:52,0.0
2100,2018-11-19 22:21:52,0.0
2101,2018-11-19 22:22:52,0.0
2102,2018-11-19 22:23:52,0.0
2103,2018-11-19 22:24:52,0.0
2104,2018-11-19 22:25:52,0.0
2105,2018-11-19 22:26:52,0.0
2106,2018-11-19 22:27:52,0.0
2107,2018-11-19 22:28:52,0.0
2108,2018-11-19 22:29:52,0.0
2109,2018-11-19 22:30:52,0.0
2110,2018-11-19 22:31:52,0.0
2111,2018-11-19 22:32:52,0.0
2112,2018-11-19 22:33:52,0.0
2113,2018-11-19 22:34:52,0.0
2114,2018-11-19 22:35:52,0.0
2115,2018-11-19 22:36:52,0.0
2116,2018-11-19 22:37:52,0.0
2117,2018-11-19 22:38:52,0.0
2118,2018-11-19 22:39:52,0.0
2119,2018-11-19 22:40:52,0.0
2120,2018-11-19 22:41:52,0.0
2121,2018-11-19 22:42:52,0.0
2122,2018-11-19 22:43:52,0.0
2123,2018-11-19 22:44:52,0.0
2124,2018-11-19 22:45:52,0.0
2125,2018-11-19 22:46:52,0.0
2126,2018-11-19 22:47:52,0.0
2127,2018-11-19 22:48:52,0.0
2128,2018-11-19 22:49:52,0.0
2129,2018-11-19 22:50:52,0.0
2130,2018-11-19 22:51:52,0.0
2131,2018-11-19 22:52:52,0.0
2132,2018-11-19 22:53:52,0.0
2133,2018-11-19 22:54:52,0.0
2134,2018-11-19 22:55:52,0.0
2135,2018-11-19 22:56:52,0.0
2136,2018-11-19 22:57:52,0.0
2137,2018-11-19 22:58:52,0.0
2138,2018-11-19 22:59:52,0.0
2139,2018-11-19 23:00:52,0.0
2140,2018-11-19 23:01:52,0.0
2141,2018-11-19 23:02:52,0.0
2142,2018-11-19 23:03:52,0.0
2143,2018-11-19 23:04:52,0.0
2144,2018-11-19 23:05:52,0.0
2145,2018-11-19 23:06:52,0.0
2146,2018-11-19 23:07:52,0.0
2147,2018-11-19 23:08:52,0.0
2148,2018-11-19 23:09:52,0.0
2149,2018-11-19 23:10:52,0.0
2150,2018-11-19 23:11:52,0.0
2151,2018-11-19 23:12:52,0.0
2152,2018-11-19 23:13:52,0.0
2153,2018-11-19 23:14:52,0.0
2154,2018-11-19 23:15:52,0.0
2155,2018-11-19 23:16:52,0.0
2156,2018-11-19 23:17:52,0.0
2157,2018-11-19 23:18:52,0.0
2158,2018-11-19 23:19:52,0.0
2159,2018-11-19 23:20:52,0.0
2160,2018-11-19 23:21:52,0.0
2161,2018-11-19 23:22:52,0.0
2162,2018-11-19 23:23:52,0.0
2163,2018-11-19 23:24:52,0.0
2164,2018-11-19 23:25:52,0.0
2165,2018-11-19 23:26:52,0.0
2166,2018-11-19 23:27:52,0.0
2167,2018-11-19 23:28:52,0.0
2168,2018-11-19 23:29:52,0.0
2169,2018-11-19 23:30:52,0.0
2170,2018-11-19 23:31:52,0.0
2171,2018-11-19 23:32:52,0.0
2172,2018-11-19 23:33:52,0.0
2173,2018-11-19 23:34:52,0.0
2174,2018-11-19 23:35:52,0.0
2175,2018-11-19 23:36:52,0.0
2176,2018-11-19 23:37:52,0.0
2177,2018-11-19 23:38:52,0.0
2178,2018-11-19 23:39:52,0.0
2179,2018-11-19 23:40:52,0.0
2180,2018-11-19 23:41:52,0.0
2181,2018-11-19 23:42:52,0.0
2182,2018-11-19 23:43:52,0.0
2183,2018-11-19 23:44:52,0.0
2184,2018-11-19 23:45:52,0.0
2185,2018-11-19 23:46:52,0.0
2186,2018-11-19 23:47:52,0.0
2187,2018-11-19 23:48:52,0.0
2188,2018-11-19 23:49:52,0.0
2189,2018-11-19 23:50:52,0.0
2190,2018-11-19 23:51:52,0.0
2191,2018-11-19 23:52:52,0.0
2192,2018-11-19 23:53:52,0.0
2193,2018-11-19 23:54:52,0.0
2194,2018-11-19 23:55:52,0.0
2195,2018-11-19 23:56:52,0.0
2196,2018-11-19 23:57:52,0.0
2197,2018-11-19 23:58:52,0.0
2198,2018-11-19 23:59:52,0.0
2199,2018-11-20 00:00:52,0.0
2200,2018-11-20 00:01:52,0.0
2201,2018-11-20 00:02:52,0.0
2202,2018-11-20 00:03:52,0.0
2203,2018-11-20 00:04:52,0.0
2204,2018-11-20 00:05:52,0.0
2205,2018-11-20 00:06:52,0.0
2206,2018-11-20 00:07:52,0.5
